RANDOM GENERATOR: (refresh page)        ---->,,,,,Extremely,,,,Tissue Paper,,,,,,,,,
MASTER LIST,,,,,,,,,,,,,,,,,,
Keyword,,Description,Category,,STYLES:,184,LIGHTING:,31,AMENITIES:,51,CONTEXT,573,ARTISTS:,96,SUBJECTS:,500,BACKGROUNDS: ,20
Katsushika Hokusai ,," Japonisme influence that helped shape Impressionism, several decades later.
Famous works of art: The Great Wave Off Kanagawa (c. 1826–1833)",Artist,,Headshot ,,God Rays,,4K,,Dramatic,,Katsushika Hokusai ,,Action Figure,,Arctic,
Keith Haring,," trademark line drawings,",Artist,,Vray,,Golden Hour,,8K,,Low Angle Shot,,Keith Haring,,Air,,Interior,
Headshot ,,"(commercial headshot, legit headshot, theatrical headshot, etc.)",Style,,Psychedelic,,Backlight,,Hd,,Adorned,,John Collier,,Album,,Atlantis,
John Collier,,19th century portrait painter. Add elegancy,Artist,,Pixabay,,Bluelight,,Sharp Focus,,Advanced,,Alphonse Mucha,,Alien,,Beach,
Alphonse Mucha,,2D portrait painting,Artist,,Pixiv,,Beige,,Hyper-Realistic,,Anger,,Rembrandt,,Amethyst,,Cave,
Vray,,3D Rendering for objetcts landscapes buildings,Style,,Expansive,,Black,,16K,,Anguished,,Ai Weiwei,,Angel,,City,
Rembrandt,,"A master painter, printmaker, and draughtsman, his extensive body of work continues to fascinate art-lovers around the world. It is why he is also known as an “Old Master”—a label reserved for Europe's most prolific pre-19th century painters.",Artist,,Artstation,,Blooming,,35Mm,,Arcane,,Gian Lorenzo Bernini,,Antenna,,Clouds,
Dramatic,,Add dramatic lighting or facial expressions,Context,,Art Nouveau,,Blue,,50Mm,,Architectural,,Diego Velázquez ,,Antique,,Colosseum,
Silk,,Add silken texture or silk clothes,Texture,,Pop-Art,,Blue.,,7:5,,Athletic,,Georgia O'Keeffe,,Architecture,,Crystal,
Ai Weiwei,,Ai explores Chinese identity in the modern world as well as the culture’s social history.,Artist,,Unreal Engine,,Bokeh,,70Mm,,Attacking,,Pablo Picasso,,Arrows,,Cubicle,
Gian Lorenzo Bernini,,"astonishing ability to create movement and bring forth Context with his work. In his hands, marble transforms into soft flesh that looks so real, that you’d want to reach out and squeeze it.
Famous works of art: The Rape of Proserpina (1621–1622), The Ecstasy of Saint Theresa (1647–1652)",Artist,,Modernist,,Bright,,Denoise,,Background,,René Magritte ,,Art,,Door,
Diego Velázquez ,,"Baroque period, one is best known for his honest and exquisite portraits of royalty:
afmous works of art: Portrait of Pope Innocent X (1650), Las Meninas (1656),",Artist,,3D,,Brown,,Blender,,Badass,,Andy Warhol,,Barbarian,,Empire,
God Rays,,beams of light through clouds,Lighting,,Abstract Expressionism,,Brunette,,Boosted,,Battle,,Yayoi Kusama,,Centaur,,Factory;,
Georgia O'Keeffe,,best known for her abstract depictions of colorful blooms and landscapes of the Southwestern United States.,Artist,,Acrylic Painting,,Cinematic,,By,,Beatiful,,Eugène Delacroix,,Cheerleader,,Field,
Pablo Picasso,,"Blue Period, Cubism, and Surrealism.",Artist,,Analog,,Contrast,,Defined,,Beautiful,,Mary Cassatt,,Cherub,,Files,
René Magritte ,,blurred the line between reality and fantasy and invited the viewer to question what they thought they knew.,Artist,,Ancient,,Dark,,Definition,,Beautifully,,Diego Rivera,,Clown,,Flame,
Andy Warhol,,"bold, contemporary imagery; a bright color palette; and a repetitive aesthetic inspired by mass production.",Artist,,Animated,,Darkness,,Detail,,Beauty,,Claude Monet,,Cowboy,,Flora,
Low Angle Shot,,camera is looking up,Context,,Anime,,Daytime,,Detailed,,Blonde,,Jean-Michel Basquiat,,Cyborg,,Fog,
Yayoi Kusama,,"Characterized by polka dots, bold color palettes, and organic forms, her aesthetic is perhaps best typified by her pumpkin art, a collection of works celebrating the subject's “generous unpretentiousness.”",Artist,,Art Deco,,Early,,Details,,Burning,,Albrecht Dürer,,Demon,,Forest,
Psychedelic,,Colorful and distorted,Style,,Arts & Crafts,,Dramatic lighting,,Dribbble,,Center,,Michelangelo,,Devil,,Forest.,
Pixabay,,Commercial Stock Photo Style,Style,,Assemblage,,Cinematic lighting,,Dynasty,,Centered,,Paul Cézanne,,Doll,,,
Eugène Delacroix,,"contemporary events, mythological scenes, Orientalism, and portraiture.",Artist,,Astral,,Rim lighting,,Equal,,Charismatic,,Henri Matisse,,Fairy,,,
Mary Cassatt,,depict women and girls in a state of solitary reflection.,Artist,,Atelier Populaire,,Soft lighting,,Extra,,Cheekbones,,Gustav Klimt ,,Ghost,,,
Diego Rivera,,distinct paintings characterized by a bold color palette and simplified forms inspired by both Mayan and Aztec art. ,Artist,,Avant-Garde,,Volumetric,,Extreme,,Close,,John Singer Sargent,,Gnome,,,
Claude Monet,,"distinctively dappled brushstrokes, a characteristically colorful range of tones, and a focus on light, the French artist created compositions that captured the essence of the movement.",Artist,,Ballpoint Pen Art,,Surreal,,Extremely,,Close-Up,,Raphael,,Goblin,,,
Jean-Michel Basquiat,,e street art by bringing graffiti into the gallery—a monumental move that made the glitz and glamor of the art world accessible to people from all walks of life.,Artist,,Baroque,,Fantastic backlight,,Fashion,,Closeup,,Edgar Degas,,Goddess,,,
Albrecht Dürer,,"engravings, woodcuts, and etchings based on his meticulously detailed drawings. It was the first time someone attempted to duplicate such realistic illustrations",Artist,,Bauhaus,,Studio light,,Fit,,Cold,,Amadeo Modigliani ,,Gremlin,,,
Michelangelo,,"Famous works of art: Pietà (1498–99) David ( 1501–4), Sistine Chapel ceiling (1508–12), The Last Judgment (1536–1541)",Artist,,Belle Époque,,Internal glow,,Fragile,,Covered,,Salvador Dalí,,Jester,,,
Paul Cézanne,,"Fauvism and a precursor to Cubism. Given his prominence in these groundbreaking genres, Cézanne is regarded as one of the most influential figures in the history of modern art.
Famous works of art: The Card Players series (early 1890s), The Bathers series (1898–1905)",Artist,,Biomorphic,,Iridescent,,Very detailed,,Cozy,,Frida Kahlo ,,Joker,,,
Henri Matisse,,"first emerged as a Post-Impressionist. Then, in 1904, he led the Fauvism movement, which is French for “wild beasts.” The Les Fauves were a group of modern artists who favored pure, bright colors and expressive brushstrokes over realism.",Artist,,Brocade,,Ray tracing,,Unreal engine,,Creative,,Peter Paul Rubens,,King,,,
Gustav Klimt ,,"glistening, gilded works he produced during his Golden Phase.",Artist,,Brushwork,,Dynamic,,Octane render,,Cute,,Vincent Van Gogh,,Knight,,,
Golden Hour,,Golden Hour Photo Lighting,Lighting,,Byzantine,,,,Photorealistic,,Deep,,Artemisia Gentileschi,,Leprechaun,,,
John Singer Sargent,,"Good to use with women's portraits, generate 19th century delicate clothings, some impressionism",Artist,,Caricature,,,,Hyperrealistic,,Depth,,Sandro Botticelli,,Mecha,,,
Raphael,,"He is primarily known for his Madonna paintings, including his vivid Madonna in the Grass, as well as his large-scale mural, The School of Athens, which celebrates philosophy.
Famous works of art:  Wedding of the Virgin (1504), School of Athens (1511), The Transfiguration (1520)",Artist,,Cartes-De-Visite,,,,Sharp focus,,Destroyed,,Édouard Manet,,Mermaid,,,
Edgar Degas,,he preferred to capture intimate indoor depictions,Artist,,Cartoon,,,,HDR,,Down,,Paul Gauguin,,Monster,,,
Amadeo Modigliani ,,"He’s best known for his distinctive nudes and portraits that are characterized by elongated proportions and African mask-like faces. While his nudes scandalized audiences at the time, his melancholic portraits revealed his subjects’ personal inner lives.",Artist,,Celluloid,,,,5:8,,Dust,,Caravaggio,,Mummy,,,
4K,,High Definition ,Amenities,,Cg,,,, 8:5 ,,Effect,,Leonardo Da Vinci,,Ninja,,,
8K,,High Definition ,Amenities,,Charcoal Drawing,,,, 2:1,,Elegant,,Jan Vermeer ,,Orc,,,
Hd,,High Definition ,Amenities,,Chiaroscuro,,,,1:2 ,,Emissions,,Banksy,,Pirate,,,
Sharp Focus,,Increase Amenities,Amenities,,Chromogenic Color Print,,,,9:20,,Evergarden,,Frida Kahlo,,Queen,,,
Hyper-Realistic,,Increases details and Amenities,Amenities,,Classicism,,,,20:9,,Existential,,Mark Rothko,,Robot,,,
Salvador Dalí,,"depicting his own inner world, dreams, and hallucinations.",Artist,,Cobra,,,,4:3,,Expressive,,Jackson Pollock,,Saint,,,
Pixiv,,Japanese Anime Style,Style,,Collage,,,,16:9 ,,F/148,,Stanley Artgerm Lau,,Skeleton,,,
Frida Kahlo ,,"known for her compelling self-portraits, which deal with themes of identity, suffering, and the human body.",Artist,,Color Pencil,,,,2.39:1,,F/5.6,,Takashi Murakami,,Soldier,,,
Peter Paul Rubens,,"Known for his voluptuous women, opulent colors, and dynamic compositions, Rubens established himself as a prominent court painter for the Spanish Hapsburgs, developing an international reputation as an artist and diplomat.
Famous works of art: Marie de' Medici cycle (1620s)",Artist,,Conceptual Art,,,,1:1,,F1.8,,Utagawa Hiroshige,,Spirit,,,
Vincent Van Gogh,,"landscapes, portraiture, and urban scenes—in an iconic style that is uniquely his own.",Artist,,Constructivism,,,,9:16,,Feeling,,Agnolo Di Cosimo,,Stones,,,
Expansive,,large scene small subject,Style,,Cubism,,,,9:19.5,,Fiction,,Amy Sherald,,Superhero,,,
Artemisia Gentileschi,,"large-scale Biblical and mythological paintings, ",Artist,,Dadaism,,,,3:2,,Fire,,Andrew Wyeth,,Toy,,,
Sandro Botticelli,,"larger-than-life, mythological scenes.
Famous works of art: Birth of Venus (c. 1486), Primavera (c. 1477–82)",Artist,,Daguerreotype,,,,2:3,,Focus,,Anton Raphael Mengs,,Troll,,,
Édouard Manet,,"led the transition from Realism to Impressionism. Controversial at the time, his paintings depicted nude women—one of which was the French female painter, Victorine Meurent—",Artist,,Der Blaue Reiter,,,,5:4 ,,Form,,August Macke,,Vampire,,,
Paul Gauguin,,"married his day-to-day observations with mythical symbolism. This style was strongly influenced by the so-called “primitive” arts of Africa, Asia, and French Polynesia.",Artist,,Divisionism,,,,4:5 ,,Fortune-Telling,,Chuck Close,,Witch,,,
Caravaggio,,"masterful use of extreme light and dark, or tenebrism, added an unparalleled psychological drama to his paintings.
Famous works of art: The Calling of Saint Matthew (1599–1600), David with the Head of Goliath (1610)",Artist,,Doodle,,,,,,Fractured,,Cindy Sherman,,Wizard,,,
Leonardo Da Vinci,,"mastery of oil painting techniques such as sfumato and chiaroscuro can be seen in his portraits, Mona Lisa and Lady with an Ermine. ",Artist,,Double Exposure,,,,,,Friendly,,Craig Wylie,,Zombie,,,
Artstation,,Modern Illustration & Fantasy Theme,Style,,Driver’s License Photo,,,,,,victimized,,Diego Velázquez,,Atlas,,,
Jan Vermeer ,,"often painting scenes of domestic life, the master of light, exceptional understanding of color, composition, and realism.",Artist,,Drypoint,,,,,,accused,,Egon Schiele,,Atmosphereby,,,
Art Nouveau,,Ornaments and details,Style,,École Des Beaux-Arts,,,,,,acquitted,,Elizabeth Bakewell,,Aurora,,,
Banksy,,"politically and socially charged art, oftentimes with a sense of dark humor. ",Artist,,Encaustic Painting,,,,,,adorable,,Elizabeth Peyton,,Award,,,
Pop-Art,,Pop-art style,Style,,Engraving,,,,,,adored,,Emilio P. Fiaschi,,Bamboo,,,
Frida Kahlo,,Quite strong effect following Kahlo's portrait style. Sometimes results in picture frame,Artist,,Environmental Portrait,,,,,,affected,,Francis Bacon,,Band,,,
Unreal Engine,,Realistic 3D,Style,,Etching,,,,,,afflicted,,Francisco Goya,,Bartocha,,,
Mark Rothko,,"signature compositions of hazy, colored squares on large canvases that occupy a viewer's entire field of vision, evoking what he referred to as “the sublime.”",Artist,,Expressionism,,,,,,aghast,,George Henry Harlow,,Batman,,,
Jackson Pollock,,"signature drip paintings—which he began producing in the late 1940s—captivated the art world. Pollock redefined line, color, and pictorial space by finding an entirely new way to fill a canvas.",Artist,,Exquisite Corpse,,,,,,agog,,Gilbert Stuart,,Baxter,,,
Stanley Artgerm Lau,,Strong realistic modern drawing,Artist,,Fauvism,,,,,,agonized,,Giovanni Bellini,,Bed,,,
Takashi Murakami,,"Through his art, Murakami explores Japan's contemporary culture as well as the West's ever-growing influence on it.",Artist,,Foreshortening,,,,,,alarmed,,Giuseppe Arcimboldo,,Beef,,,
Modernist,,"vibrant color, high contrast",Style,,Fresco,,,,,,amused,,Grant Wood,,Belt,,,
Utagawa Hiroshige,,"woodblock prints and paintings that depicted scenes of history, nature, and the famous faces of Edo",Artist,,Frottage,,,,,,angry,,Gustav Klimt,,Ben,,,
16K,,,Amenities,,Futurism,,,,,,anguished,,Gustave Caillebotte,,Bernie,,,
1970'S,,,Style ,,Gelatin Silver Print,,,,,,animated,,H. Walter Barnett,,Big,,,
35Mm,,,Amenities,,Geometric,,,,,,annoyed,,J. M. Barrie,,Biggie,,,
3D,,a three-dimensional form,Style,,Glamour Shot,,,,,,anxious,,Jacques-Louis David,,Bird,,,
50Mm,,,Amenities,,Glass Painting,,,,,,apathetic,,James Mcneill Whistler,,Birds,,,
7:5,,,Amenities,,Gond Painting,,,,,,appalled,,Jan Lievens,,Bit,,,
70Mm,,,Amenities,,Gouache,,,,,,appeased,,Jean Auguste Dominique Ingres,,Bitcoin,,,
90'S,,,Style ,,Grotesque,,,,,,appreciated,,Jeanne Bernard Dabos,,Björk,,,
Abstract,,,Style ,,Halftone,,,,,,apprehensive,,Jenny Saville,,Blossom,,,
Abstract Expressionism,,,Style,,Harlem Renaissance,,,,,,approved of,,Johannes Vermeer,,Bodies,,,
Acrylic Painting,,,Style,,Head And Shoulders Picture,,,,,,ardent,,John Samuel Agar,,Body,,,
Action,,,Style ,,Hieroglyphics,,,,,,aroused,,Jonathan Yeo,,Book,,,
Action Figure,,,Subject,,Id Photo,,,,,,attached,,Joseph Collyer The Younger,,Books,,,
Adorned,,,Context,,Impasto,,,,,,attracted,,Kehinde Wiley,,Botanist,,,
Advanced,,,Context,,Impressionism,,,,,,autonomous,,Lucian Freud,,Box,,,
Aesthetic,,,Style ,,Ink Drawing,,,,,,awed,,Norman Rockwell,,Braided,,,
Agnolo Di Cosimo,,,Artist,,Kalamkari Painting,,,,,,awkward,,Otto Dix,,Brittany,,,
Air,,,Subject,,Kinetograph,,,,,,beaten down,,Petrus Christus,,Building,,,
Album,,,Subject,,Lacquer,,,,,,beatific,,Pierre-Auguste Renoir,,Camper,,,
Alien,,,Subject,,Line Drawing,,,,,,belonging,,Pietro Annigoni,,Caravan,,,
Amethyst,,,Subject,,Lithograph,,,,,,bereaved,,Pyotr Konchalovsky,,Cards,,,
Amy Sherald,,,Artist,,Lomo Photography,,,,,,betrayed,,Quentin Matsys,,Cash,,,
Analog,,,Style,,Madhubani Painting,,,,,,bewildered,,Ralph Steadman,,Cat,,,
Ancient,,,Style,,Manga,,,,,,bitter,,Rembrandt Van Rijn,,Cedar,,,
Andrew Wyeth,,,Artist,,Minimalism,,,,,,blissful,,Roger Fry,,Chains,,,
Angel,,,Subject,,Monochrome,,,,,,blithe,,Shadi Ghadirian,,Chang'E,,,
Anger,,,Context,,Mugshot,,,,,,blocked,,Sofonisba Anguissola,,Character,,,
Anguished,,,Context,,Needlepoint,,,,,,blue,,Vanessa Bell,,Characters.,,,
Animated,,,Style,,Neo-Impressionism,,,,,,boiling,,Walter Keane,,Cherry,,,
Anime,,,Style,,Neoclassicism,,,,,,bold,,William Daniell,,Chest,,,
Antenna,,,Subject,,Neue Sachlichkeit,,,,,,bored,,,,Cigarettes,,,
Antique,,,Subject,,Oil Painting,,,,,,brave,,,,Circle,,,
Anton Raphael Mengs,,,Artist,,Old Master,,,,,,bright,,,,Civilization,,,
Arcane,,,Context,,Op Art,,,,,,brisk,,,,Clarke,,,
Architectural,,,Context,,Paint Splatter,,,,,,calm,,,,Coins,,,
Architecture,,,Subject,,Paper Cutting,,,,,,capable,,,,Concrete,,,
Arctic,,,Background,,Papier-Collé,,,,,,captivated,,,,Costume,,,
Arrows,,,Subject,,Papier-Mâché,,,,,,careless,,,,Crew,,,
Art,,,Subject,,Passport Photo,,,,,,categorized,,,,Crossbowman,,,
Art Deco,,,Style,,Pastel,,,,,,cautious,,,,Doctor,,,
Arts & Crafts,,,Style,,Pencil Sketch,,,,,,certain,,,,Documents.,,,
Assemblage,,,Style,,Phad Painting,,,,,,chagrined,,,,Donkey,,,
Astral,,,Style,,Photogravure,,,,,,challenged,,,,Dragon,,,
Atelier Populaire,,,Style,,Pixar,,,,,,chastised,,,,Dragondragon,,,
August Macke,,,Artist,,Pixel Art,,,,,,cheated,,,,Dress,,,
Avant-Garde,,,Style,,Pointillism,,,,,,cheerful,,,,Emma,,,
Ballpoint Pen Art,,,Style,,Polaroid,,,,,,cheerless,,,,Enchiladas,,,
Barbarian,,,Subject,,Pop Art,,,,,,cheery,,,,Encyclopedia,,,
Baroque,,,Style,,Post-Impressionism,,,,,,cherished,,,,Engine,,,
Bauhaus,,,Style,,Post-Modernism,,,,,,chicken,,,,Eyes,,,
Belle Époque,,,Style,,Raphaelite,,,,,,cocky,,,,Face,,,
Biomorphic,,,Style,,Renaissance,,,,,,codependent,,,,Family,,,
Brocade,,,Style,,Rococo,,,,,,coerced,,,,Fat,,,
Brushwork,,,Style,,School Photo,,,,,,comfortable,,,,Folders,,,
Byzantine,,,Style,,Screenprint,,,,,,common,,,,Fox,,,
Caricature,,,Style,,Sculpture,,,,,,competent,,,,Frank,,,
Cartes-De-Visite,,,Style,,Selfie / Self Portrait,,,,,,comBackgroundnt,,,,Aardvark,,,
Cartoon,,,Style,,Steampunk,,,,,,composed,,,,African Elephant,,,
Celluloid,,,Style,,Stencil,,,,,,concerned,,,,African Tree Pangolin,,,
Centaur,,,Subject,,Suprematism,,,,,,confident,,,,Albatross,,,
Cg,,,Style,,Surrealism,,,,,,confused,,,,Alligator,,,
Charcoal Drawing,,,Style,,Tissue Paper,,,,,,connected,,,,Alpaca,,,
Cheerleader,,,Subject,,Triptych,,,,,,conned,,,,Anaconda,,,
Cherub,,,Subject,,Trompe L’Oeil,,,,,,consumed,,,,Angel Fish,,,
Chiaroscuro,,,Style,,Wanted Poster,,,,,,contented,,,,Ant,,,
Chromogenic Color Print,,,Style,,Warli Painting,,,,,,controlled,,,,Anteater,,,
Chuck Close,,,Artist,,Water Color,,,,,,convivial,,,,Antelope,,,
Cindy Sherman,,,Artist,,Watercolor,,,,,,cornered,,,,Archer Fish,,,
Classicism,,,Style,,Woodcuts / Wood Block Prints,,,,,,courageous,,,,Armadillo,,,
Clown,,,Subject,,Works Progress Administration,,,,,,cowardly,,,,Asian Elephant,,,
Cobra,,,Style,,Yearbook Photo,,,,,,craving,,,,Atlantic Puffin,,,
Collage,,,Style,,Blueprint,,,,,,crestfallen,,,,Aye-Aye,,,
Color Pencil,,,Style,,Bodyred-Haired,,,,,,criticized,,,,Arab horse,,,
Conceptual Art,,,Style,,Borealis,,,,,,cross,,,,Baboon,,,
Constructivism,,,Style,,Bronze,,,,,,cross-examined,,,,Badger,,,
Cowboy,,,Subject,,Brushed,,,,,,crushed,,,,Bald Eagle,,,
Craig Wylie,,,Artist,,Canvas,,,,,,curious,,,,Bandicoot,,,
Cubism,,,Style,,Carpathian,,,,,,cut off,,,,Bangle Tiger,,,
Cyborg,,,Subject,,Chalk,,,,,,daring,,,,Barnacle,,,
Dadaism,,,Style,,China,,,,,,dark,,,,Barracuda,,,
Daguerreotype,,,Style,,Chinese,,,,,,dedicated,,,,Basilisk,,,
,,,,,Color,,,,,,defeated,,,,Bass,,,
Demon,,,Subject,,Colored,,,,,,defenseless,,,,Basset Hound,,,
Denoise,,,Amenities,,Colorful,,,,,,degraded,,,,Bat,,,
Der Blaue Reiter,,,Style,,Colors,,,,,,dejected,,,,Bearded Dragon,,,
Devil,,,Subject,,Comic,,,,,,depressed,,,,Beaver,,,
Diego Velázquez,,,Artist,,Concept,,,,,,deserted,,,,Bee,,,
,,,,,Cyberpunk,,,,,,desirable,,,,Beetle,,,
Divisionism,,,Style,,Dada,,,,,,despondent,,,,Beluga Whale,,,
Doll,,,Subject,,Deco,,,,,,detached,,,,Bird,,,
Doodle,,,Style,,Design,,,,,,determined,,,,Big-horned sheep,,,
Double Exposure,,,Style,,Diagram,,,,,,diminished,,,,Bird of paradise,,,
Driver’s License Photo,,,Style,,Digital,,,,,,disappointed,,,,Bison,,,
Drypoint,,,Style,,Drawing,,,,,,discarded,,,,Billy goat,,,
École Des Beaux-Arts,,,Style,,Drawn,,,,,,disconsolate,,,,Black Bear,,,
Egon Schiele,,,Artist,,Dutch,,,,,,discontented,,,,Black Fly,,,
Elizabeth Bakewell,,,Artist,,Editorial,,,,,,discounted,,,,Black Rhino,,,
Elizabeth Peyton,,,Artist,,Enmeshed,,,,,,discouraged,,,,Black Footed Rhino,,,
Emilio P. Fiaschi,,,Artist,,Ensemble,,,,,,disgraced,,,,Black Widow Spider,,,
Encaustic Painting,,,Style,,Estonian,,,,,,disgusted,,,,Blackbird,,,
Engraving,,,Style,,Fantasy,,,,,,disheartened,,,,Blowfish,,,
Environmental Portrait,,,Style,,Feminine,,,,,,disillusioned,,,,Blue Jay,,,
Etching,,,Style,,Film,,,,,,disjointed,,,,Blue Whale,,,
Expressionism,,,Style,,Fractal,,,,,,dismal,,,,Boa,,,
Exquisite Corpse,,,Style,,Atmospheric,,,,,,dismayed,,,,Boar,,,
Fairy,,,Subject,,Anthropomorphic,,,,,,disoriented,,,,Bob-Cat,,,
Fauvism,,,Style,,Realistic CGI,,,,,,disparaged,,,,Bonobo,,,
Foreshortening,,,Style,,Cyberpunk,,,,,,displeased,,,,Bottle-Nose dolphin,,,
Francis Bacon,,,Artist,,Steampunk,,,,,,disrespected,,,,Bornean Orang-utan,,,
Francisco Goya,,,Artist,,Intricate filigree metal design,,,,,,distressed,,,,Boxer dog,,,
Fresco,,,Style,,Bionic futurism,,,,,,distrustful,,,,Brown Bear,,,
Frottage,,,Style,,Symmetrical,,,,,,dolorous,,,,Buck,,,
Futurism,,,Style,,Atompunk,,,,,,doubtful,,,,Budgie,,,
Gelatin Silver Print,,,Style,,Multiverse,,,,,,down,,,,Buffalo,,,
Geometric,,,Style,,Concept art,,,,,,downhearted,,,,Bull,,,
George Henry Harlow,,,Artist,,Time loop,,,,,,dreadful,,,,Bull frog,,,
Ghost,,,Subject,,Maximum texture,,,,,,dreary,,,,Bull Mastiff,,,
Gilbert Stuart,,,Artist,,Futurism,,,,,,dubious,,,,Butterfly,,,
Giovanni Bellini,,,Artist,,,,,,,,dull,,,,Buzzard,,,
Giuseppe Arcimboldo,,,Artist,,,,,,,,duped,,,,Border Collie,,,
Glamour Shot,,,Style,,,,,,,,eager,,,,Caribou,,,
Glass Painting,,,Style,,,,,,,,earnest,,,,Cheetah,,,
Gnome,,,Subject,,,,,,,,ecstatic,,,,Common Dolphin,,,
Goblin,,,Subject,,,,,,,,elated,,,,Common seal,,,
Goddess,,,Subject,,,,,,,,embarrassed,,,,Caiman lizard,,,
Gond Painting,,,Style,,,,,,,,empathetic,,,,Camel,,,
Gouache,,,Style,,,,,,,,enchanted,,,,Canary,,,
Grant Wood,,,Artist,,,,,,,,encouraged,,,,Carp,,,
Gremlin,,,Subject,,,,,,,,engrossed,,,,Cat,,,
Grotesque,,,Style,,,,,,,,enraged,,,,Caterpillar,,,
Gustav Klimt,,,Artist,,,,,,,,enterprising,,,,Cattle,,,
Gustave Caillebotte,,,Artist,,,,,,,,enthusiastic,,,,Catfish,,,
H. Walter Barnett,,,Artist,,,,,,,,entrusted,,,,Chameleon,,,
Halftone,,,Style,,,,,,,,esteemed,,,,Centipede,,,
Harlem Renaissance,,,Style,,,,,,,,excited,,,,Chicken,,,
Head And Shoulders Picture,,,Style,,,,,,,,excluded,,,,Chimpanzee,,,
Hieroglyphics,,,Style,,,,,,,,exempt,,,,Chihuahua,,,
Id Photo,,,Style,,,,,,,,exhausted hopeless,,,,Chinchilla,,,
Impasto,,,Style,,,,,,,,exhilarated,,,,Chipmunk,,,
Impressionism,,,Style,,,,,,,,exploited,,,,Clam,,,
Ink Drawing,,,Style,,,,,,,,exposed,,,,Chupacabra,,,
Interior,,,Background,,,,,,,,fabulous,,,,Clown Fish,,,
J. M. Barrie,,,Artist,,,,,,,,fainthearted,,,,Cobra,,,
Jacques-Louis David,,,Artist,,,,,,,,fantastic,,,,Cocker Spaniel,,,
James Mcneill Whistler,,,Artist,,,,,,,,fascinated,,,,Cockatiel,,,
Jan Lievens,,,Artist,,,,,,,,favored,,,,Cockatoo,,,
Jean Auguste Dominique Ingres,,,Artist,,,,,,,,fearful,,,,Cockroach,,,
Jeanne Bernard Dabos,,,Artist,,,,,,,,fervent,,,,Cod,,,
Jenny Saville,,,Artist,,,,,,,,fervid,,,,Coho,,,
Jester,,,Subject,,,,,,,,festive,,,,Corn Snake,,,
Johannes Vermeer,,,Artist,,,,,,,,flat,,,,Cougar,,,
John Samuel Agar,,,Artist,,,,,,,,focused,,,,Cow,,,
Joker,,,Subject,,,,,,,,forced,,,,Coyote,,,
Jonathan Yeo,,,Artist,,,,,,,,forsaken,,,,Crab,,,
Joseph Collyer The Younger,,,Artist,,,,,,,,framed,,,,Crane,,,
Kalamkari Painting,,,Style,,,,,,,,free,,,,Crawfish,,,
Kehinde Wiley,,,Artist,,,,,,,,free & easy,,,,Cray fish,,,
Kinetograph,,,Style,,,,,,,,frightened,,,,Cricket,,,
King,,,Subject,,,,,,,,frisky,,,,Crocodile,,,
Knight,,,Subject,,,,,,,,frustrated,,,,Crow,,,
Lacquer,,,Style,,,,,,,,full of anticipation,,,,Cuckoo bird,,,
Leprechaun,,,Subject,,,,,,,,full of ennui,,,,Cuttle fish,,,
Line Drawing,,,Style,,,,,,,,fuming,,,,Deer,,,
Lithograph,,,Style,,,,,,,,funereal,,,,Dog,,,
Lomo Photography,,,Style,,,,,,,,furious,,,,Du-gong,,,
Lucian Freud,,,Artist,,,,,,,,gallant,,,,Dalmation,,,
Madhubani Painting,,,Style,,,,,,,,genial,,,,Dacshund,,,
Manga,,,Style,,,,,,,,glad,,,,Damsel fly,,,
Mecha,,,Subject,,,,,,,,gleeful,,,,Dart Frog,,,
Mermaid,,,Subject,,,,,,,,gloomy,,,,Devi Fish (Giant Sting ray),,,
Minimalism,,,Style,,,,,,,,glum,,,,Diamond back rattler,,,
Monochrome,,,Style,,,,,,,,grief-stricken,,,,Dik-dik,,,
Monster,,,Subject,,,,,,,,grieved,,,,Dingo,,,
Mugshot,,,Style,,,,,,,,guilt,,,,Dinosaur,,,
Mummy,,,Subject,,,,,,,,guilty,,,,Doberman Pinscher,,,
Needlepoint,,,Style,,,,,,,,happy,,,,Dodo bird,,,
Neo-Impressionism,,,Style,,,,,,,,hardy,,,,Dolphin,,,
Neoclassicism,,,Style,,,,,,,,heartbroken,,,,Dolly Varden,,,
Neue Sachlichkeit,,,Style,,,,,,,,heavyhearted,,,,Donkey,,,
Ninja,,,Subject,,,,,,,,hesitant,,,,Door mouse,,,
Norman Rockwell,,,Artist,,,,,,,,high-spirited,,,,Dormouse,,,
Oil Painting,,,Style,,,,,,,,hilarious,,,,Draft horse,,,
Old Master,,,Style,,,,,,,,hopeful,,,,Dove,,,
Op Art,,,Style,,,,,,,,horny,,,,Dragonfly,,,
Orc,,,Subject,,,,,,,,horrified,,,,Drake,,,
Otto Dix,,,Artist,,,,,,,,hot and bothered,,,,Duck,,,
Paint Splatter,,,Style,,,,,,,,humiliated,,,,Duckbill Platypus,,,
Paper Cutting,,,Style,,,,,,,,humorous,,,,Dung beetle,,,
Papier-Collé,,,Style,,,,,,,,hurt,,,,Eurasian Lynx,,,
Papier-Mâché,,,Style,,,,,,,,hysterical,,,,Eagle,,,
Passport Photo,,,Style,,,,,,,,ignored,,,,Earthworm,,,
Pastel,,,Style,,,,,,,,ill at ease,,,,Earwig,,,
Pencil Sketch,,,Style,,,,,,,,immobilized,,,,Echidna,,,
Petrus Christus,,,Artist,,,,,,,,immune,,,,Eclectus,,,
Phad Painting,,,Style,,,,,,,,important,,,,Eel,,,
Photogravure,,,Style,,,,,,,,impotent,,,,Egret,,,
Pierre-Auguste Renoir,,,Artist,,,,,,,,imprisoned,,,,Elephant,,,
Pietro Annigoni,,,Artist,,,,,,,,in a huff,,,,Elephant Seal,,,
Pirate,,,Subject,,,,,,,,in a stew,,,,Elk,,,
Pixar,,,Style,,,,,,,,in control,,,,Emu,,,
Pixel Art,,,Style,,,,,,,,in fear,,,,Erne,,,
Pointillism,,,Style,,,,,,,,in pain,,,,Falcon,,,
Polaroid,,,Style,,,,,,,,in the dumps,,,,Finch,,,
Pop Art,,,Style,,,,,,,,in the zone,,,,Fish,,,
Post-Impressionism,,,Style,,,,,,,,incensed,,,,Firefly,,,
Post-Modernism,,,Style,,,,,,,,included,,,,Flamingo,,,
Pyotr Konchalovsky,,,Artist,,,,,,,,indecisive,,,,Flatworm,,,
Queen,,,Subject,,,,,,,,independent,,,,Fly,,,
Quentin Matsys,,,Artist,,,,,,,,indignant,,,,Ferret,,,
Ralph Steadman,,,Artist,,,,,,,,infatuated,,,,Fox,,,
Raphaelite,,,Style,,,,,,,,inflamed,,,,Fresh Water Crocodile,,,
Realism,,,Style ,,,,,,,,injured,,,,Frog,,,
Rembrandt Van Rijn,,,Artist,,,,,,,,inquisitive,,,,Galapagos Land Iguana,,,
Renaissance,,,Style,,,,,,,,insecure,,,,Galapagos Tortoise,,,
Robot,,,Subject,,,,,,,,insignificant,,,,Gazelle,,,
Rococo,,,Style,,,,,,,,intent,,,,Giant Anteater,,,
Roger Fry,,,Artist,,,,,,,,interested,,,,Giant panda,,,
Saint,,,Subject,,,,,,,,interrogated,,,,Giraffe,,,
School Photo,,,Style,,,,,,,,intrigued,,,,Gnat,,,
Screenprint,,,Style,,,,,,,,irate,,,,Goat,,,
Sculpture,,,Style,,,,,,,,irresolute,,,,Goose,,,
Selfie / Self Portrait,,,Style,,,,,,,,irresponsible,,,,Gopher,,,
Shadi Ghadirian,,,Artist,,,,,,,,irritated,,,,Gorilla,,,
Skeleton,,,Subject,,,,,,,,isolated,,,,Grasshopper,,,
Sofonisba Anguissola,,,Artist,,,,,,,,jaunty,,,,Green fly,,,
Soldier,,,Subject,,,,,,,,jocular,,,,Grey Whale,,,
Spirit,,,Subject,,,,,,,,jolly,,,,Great White Shark,,,
Steampunk,,,Style,,,,,,,,jovial,,,,Green poison dart frog,,,
Stencil,,,Style,,,,,,,,joyful,,,,Green Sea Turtle,,,
Stones,,,Subject,,,,,,,,joyless,,,,Groundhog,,,
Superhero,,,Subject,,,,,,,,joyous,,,,Hammerhead shark,,,
Suprematism,,,Style,,,,,,,,jubilant,,,,Hare,,,
Surrealism,,,Style,,,,,,,,justified,,,,Hawk,,,
Tissue Paper,,,Style,,,,,,,,keen,,,,Hedgehog,,,
Toy,,something for a child to play with,Subject,,,,,,,,labeled,,,,Heron,,,
Triptych,,,Style,,,,,,,,lackadaisical,,,,Herring,,,
Troll,,,Subject,,,,,,,,lazy,,,,Hippopotamus,,,
Trompe L’Oeil,,,Style,,,,,,,,left out,,,,Horse,,,
Vampire,,,Subject,,,,,,,,let down,,,,Hyena,,,
Vanessa Bell,,,Artist,,,,,,,,lethargic,,,,Hyrax,,,
Walter Keane,,,Artist,,,,,,,,lied to,,,,Irrawaddy Dolphin,,,
Wanted Poster,,,Style,,,,,,,,lighthearted,,,,Iguana,,,
Warli Painting,,,Style,,,,,,,,liked,,,,Iguanodon,,,
Water Color,,,Style,,,,,,,,lively,,,,Impala,,,
Watercolor,,,Style,,,,,,,,livid,,,,Inchworm,,,
William Daniell,,,Artist,,,,,,,,lonely,,,,Insect,,,
Witch,,,Subject,,,,,,,,lonesome,,,,Jellyfish,,,
Wizard,,,Subject,,,,,,,,lost,,,,Jackal,,,
Woodcuts / Wood Block Prints,,,Style,,,,,,,,loved,,,,Jackrabbit,,,
Works Progress Administration,,,Style,,,,,,,,low,,,,Jaguar,,,
Yearbook Photo,,,Style,,,,,,,,lucky,,,,June bug,,,
Zombie,,,Subject,,,,,,,,lugubrious,,,,Kangaroo,,,
,,,,,,,,,,,macho,,,,Killer Whale,,,
Athletic,,,Context,,,,,,,,mad,,,,King Cobra,,,
Atlantis,,,Background,,,,,,,,melancholy,,,,Kingfisher,,,
Atlas,,,Subject,,,,,,,,menaced,,,,Koala,,,
Atmosphereby,,,Subject,,,,,,,,merry,,,,Komodo Dragon,,,
Attacking,,,Context,,,,,,,,mirthful,,,,Kookaburra,,,
,,,,,,,,,,,misgiving,,,,Krill,,,
Aurora,,,Subject,,,,,,,,misunderstood,,,,Lama,,,
Autumn,,,Season,,,,,,,,moody,,,,Lamb,,,
Award,,,Subject,,,,,,,,moping,,,,Lancelet,,,
Background,,,Context,,,,,,,,motivated,,,,Leatherback sea turtle,,,
Backlight,,,Lighting,,,,,,,,mournful,,,,Leech,,,
Bluelight,,,Lighting,,,,,,,,needed,,,,Lemming,,,
Badass,,,Context,,,,,,,,needy,,,,Lemur,,,
,,,,,,,,,,,nervous,,,,Leopard,,,
Bamboo,,,Subject,,,,,,,,obligated,,,,Lice,,,
Band,,,Subject,,,,,,,,obsessed,,,,Lion,,,
Bartocha,,,Subject,,,,,,,,offended,,,,Lionfish,,,
Batman,,,Subject,,,,,,,,oppressed,,,,Llama,,,
Battle,,,Context,,,,,,,,optionless,,,,Lobster,,,
Baxter,,,Subject,,,,,,,,ordinary,,,,Lynx,,,
Bayeux,,,,,,,,,,,organized,,,,Manatee,,,
Beach,,,Background,,,,,,,,out of control,,,,Man-Of-War,,,
Beardsley,,,,,,,,,,,out of sorts,,,,Mantis,,,
Beatiful,,,Context,,,,,,,,outmaneuvered,,,,Marmot,,,
Beautiful,,,Context,,,,,,,,outraged,,,,Marsupials,,,
Beautifully,,,Context,,,,,,,,overjoyed,,,,Meerkat,,,
Beauty,,,Context,,,,,,,,overlooked,,,,Mink,,,
Bed,,,Subject,,,,,,,,overwhelmed,,,,Mole,,,
Beef,,,Subject,,,,,,,,panicked,,,,Mollusks,,,
Beige,,,Lighting,,,,,,,,passionate,,,,Monarch Butterfly,,,
Belt,,,Subject,,,,,,,,passive,,,,Mongoose,,,
Ben,,,Subject,,,,,,,,pathetic,,,,Monkey,,,
Bernie,,,Subject,,,,,,,,peaceful,,,,Moose,,,
Between,,,,,,,,,,,pensive,,,,Mountain Lion,,,
Big,,,Subject,,,,,,,,perplexed,,,,Mouse,,,
Biggie,,,Subject,,,,,,,,phobic,,,,Mule,,,
Bird,,,Subject,,,,,,,,playful,,,,Muskox,,,
Birds,,,Subject,,,,,,,,pleased,,,,Muskrat,,,
Bit,,,Subject,,,,,,,,powerless,,,,Naked Mole Rat,,,
Bitcoin,,,Subject,,,,,,,,pressured,,,,Narwhal,,,
Björk,,,Subject,,,,,,,,privileged,,,,Nautilus,,,
Black,,,Lighting,,,,,,,,proud,,,,Newt,,,
Blender,,,Amenities,,,,,,,,provoked,,,,Ocelot,,,
Blockchain,,,,,,,,,,,punished,,,,Octopus,,,
Blonde,,,Context,,,,,,,,put upon,,,,Opossum,,,
Blooming,,,Lighting,,,,,,,,quaking,,,,Orangutan,,,
Blossom,,,Subject,,,,,,,,quiescent,,,,Orca,,,
Blue,,,Lighting,,,,,,,,rageful,,,,Osprey,,,
Blue.,,,Lighting,,,,,,,,rapturous,,,,Ostrich,,,
Blueprint,,,Style,,,,,,,,rated,,,,Otter,,,
Blur,,,Kinesis,,,,,,,,reassured,,,,Owl,,,
Bodies,,,Subject,,,,,,,,reckless,,,,Ox,,,
Body,,,Subject,,,,,,,,redeemed,,,,Panda,,,
Bodyred-Haired,,,Style,,,,,,,,regretful,,,,Panther,,,
Bokeh,,,Lighting,,,,,,,,rejected,,,,Peacock,,,
Book,,,Subject,,,,,,,,released,,,,Pelican,,,
Books,,,Subject,,,,,,,,remorse,,,,Penguin,,,
Boosted,,,Amenities,,,,,,,,reBackgroundd,,,,Pig,,,
Borealis,,,Style,,,,,,,,repulsed,,,,Pigeon,,,
Botanist,,,Subject,,,,,,,,resentful,,,,Platypus,,,
Box,,,Subject,,,,,,,,resolute,,,,Polar Bear,,,
Braided,,,Subject,,,,,,,,respected,,,,Porcupine,,,
Breaking,,,Kinesis,,,,,,,,responsible,,,,Praying Mantis,,,
Bright,,,Lighting,,,,,,,,restful,,,,Prawn,,,
Bring,,,Kinesis,,,,,,,,revered,,,,Puma,,,
Brittany,,,Subject,,,,,,,,rueful,,,,Quail,,,
Bronze,,,Style,,,,,,,,sad,,,,Quetzal,,,
Brown,,,Lighting,,,,,,,,satisfied,,,,Rabbit,,,
Brunette,,,Lighting,,,,,,,,saucy,,,,Raccoon,,,
Brushed,,,Style,,,,,,,,scared,,,,Rat,,,
Building,,,Subject,,,,,,,,secure,,,,Ray,,,
Burning,,,Context,,,,,,,,self-reliant,,,,Reindeer,,,
By,,,Amenities,,,,,,,,serene,,,,Rhino,,,
Camper,,,Subject,,,,,,,,shaky,,,,Ringworm,,,
Canvas,,,Style,,,,,,,,shamed,,,,Rhinoceros,,,
Caravan,,,Subject,,,,,,,,shocked,,,,Robin,,,
Cards,,,Subject,,,,,,,,significant,,,,Rooster,,,
Carpathian,,,Style,,,,,,,,singled out,,,,Roundworm,,,
Cash,,,Subject,,,,,,,,skeptical,,,,Salmon,,,
Cat,,,Subject,,,,,,,,snoopy,,,,Salt water alligator,,,
Cave,,,Background,,,,,,,,somber,,,,Sandpiper,,,
Cedar,,,Subject,,,,,,,,sparkling,,,,Seahorse,,,
Celine,,,,,,,,,,,spirited,,,,Seal,,,
Center,,,Context,,,,,,,,spiritless,,,,Sea anemone,,,
Centered,,,Context,,,,,,,,sprightly,,,,Sea Lion,,,
Chains,,,Subject,,,,,,,,startled,,,,Sea urchin,,,
Chalk,,,Style,,,,,,,,stereotyped,,,,Scallop,,,
Chang'E,,,Subject,,,,,,,,stifled,,,,Scorpion,,,
Character,,,Subject,,,,,,,,stout hearted,,,,Shark,,,
Characters.,,,Subject,,,,,,,,strong,,,,Sheep,,,
Charismatic,,,Context,,,,,,,,suffering,,,,Shrimp,,,
Cheekbones,,,Context,,,,,,,,sulky,,,,Siberian Husky,,,
Cherry,,,Subject,,,,,,,,sullen,,,,Siberian Tiger,,,
Chest,,,Subject,,,,,,,,sunny,,,,Skunks,,,
China,,,Style,,,,,,,,surprised,,,,Slender Loris,,,
Chinese,,,Style,,,,,,,,suspicious,,,,Sloth,,,
Cigarettes,,,Subject,,,,,,,,sympathetic,,,,Sloth bear,,,
Cinematic,,,Lighting,,,,,,,,tense,,,,Slugs,,,
Circle,,,Subject,,,,,,,,terrified,,,,Snails,,,
City,,,Background,,,,,,,,terrorized,,,,Snake,,,
Civilization,,,Subject,,,,,,,,thankful,,,,Snow Hare,,,
Clarke,,,Subject,,,,,,,,threatened,,,,Snow Fox,,,
Clash,,,Kinesis,,,,,,,,thwarted,,,,Snow Leopard,,,
Close,,,Context,,,,,,,,timid,,,,Somali Wild Ass,,,
Close-Up,,,Context,,,,,,,,timorous,,,,Sponge,,,
Closeup,,,Context,,,,,,,,torn,,,,Spectacled Bear,,,
Clouds,,,Background,,,,,,,,tortured,,,,Squid,,,
Coins,,,Subject,,,,,,,,tragic,,,,Squirrel,,,
Cold,,,Context,,,,,,,,tranquil,,,,Starfish,,,
Color,,,Style,,,,,,,,transported,,,,Stork,,,
Colored,,,Style,,,,,,,,trapped,,,,Swan,,,
Colorful,,,Style,,,,,,,,tremulous,,,,Swordfish,,,
Colors,,,Style,,,,,,,,tricked,,,,Tapir,,,
Colosseum,,,Background,,,,,,,,turned on,,,,Tasmanian Devil,,,
Comic,,,Style,,,,,,,,unapproved of,,,,Tiger,,,
Concept,,,Style,,,,,,,,unbelieving,,,,Tadpole,,,
Concrete,,,Subject,,,,,,,,uncertain,,,,Tamarin,,,
Contrast,,,Lighting,,,,,,,,unconcerned,,,,Tapeworm,,,
Costume,,,Subject,,,,,,,,understood,,,,Tarantula,,,
,,,,,,,,,,,unfocussed,,,,Tarpan,,,
Covered,,,Context,,,,,,,,unlovable,,,,Tazmanian devil,,,
Cozy,,,Context,,,,,,,,unloved,,,,Tazmanian tiger,,,
Creative,,,Context,,,,,,,,unmotivated,,,,Terrapin,,,
Crew,,,Subject,,,,,,,,unshackled,,,,Tick,,,
Crossbowman,,,Subject,,,,,,,,unsupported,,,,Tiger shark,,,
Crystal,,,Background,,,,,,,,up in arms,,,,Tortoise,,,
Cubicle,,,Background,,,,,,,,upset,,,,Trout,,,
Cute,,,Context,,,,,,,,validated,,,,Turkey,,,
Cyberpunk,,,Style,,,,,,,,valued,,,,Turtle,,,
Dada,,,Style,,,,,,,,victimized,,,,Uakari,,,
Dani,,,,,,,,,,,violated,,,,Umbrella bird,,,
Dark,,,Lighting,,,,,,,,virulent,,,,Urchin,,,
Darkness,,,Lighting,,,,,,,,vivacious,,,,Urutu,,,
Daytime,,,Lighting,,,,,,,,vulnerable,,,,Vicuna,,,
De,,,,,,,,,,,wavering,,,,Viper,,,
Deatiledvery,,,,,,,,,,,weak,,,,Vulture,,,
Deco,,,Style,,,,,,,,welcomed,,,,Vampire bat,,,
Deep,,,Context,,,,,,,,woebegone,,,,Velociraptor,,,
Defeat,,,,,,,,,,,woeful,,,,Vole,,,
Defined,,,Amenities,,,,,,,,worn down,,,,Viper Fish,,,
Definition,,,Amenities,,,,,,,,worn out,,,,Velvet worm,,,
Depicted,,,,,,,,,,,worried,,,,Vervet,,,
Depicting,,,,,,,,,,,worshiped,,,,Walrus,,,
Depth,,,Context,,,,,,,,wrathful,,,,Warbler,,,
Design,,,Style,,,,,,,,wronged,,,,Warthog,,,
Destroyed,,,Context,,,,,,,,wrought up,,,,Wasp,,,
Detail,,,Amenities,,,,,,,,yearning,,,,Water Buffalo,,,
Detailed,,,Amenities,,,,,,,,yellow,,,,Water Dragons,,,
Details,,,Amenities,,,,,,,,zealous,,,,Wallaby,,,
Diagram,,,Style,,,,,,,,abandoned,,,,Whale,,,
Digital,,,Style,,,,,,,,absolved,,,,Whale Shark,,,
Dirty,,,Context/Style,,,,,,,,absorbed,,,,White Rhino,,,
Doctor,,,Subject,,,,,,,,abused,,,,Whippet,,,
Documents.,,,Subject,,,,,,,,accepted,,,,White tailed dear,,,
Donkey,,,Subject,,,,,,,,aching,,,,Whooper,,,
Door,,,Background,,,,,,,,acrimonious,,,,Whooping Crane,,,
Doré,,,,,,,,,,,addicted,,,,Weasel,,,
Dore,,,,,,,,,,,adequate,,,,Weevil,,,
Down,,,Context,,,,,,,,admired,,,,Wolf,,,
Dragon,,,Subject,,,,,,,,affectionate,,,,Wolf Spider,,,
Dragondragon,,,Subject,,,,,,,,affronted,,,,Wolverine,,,
Drawing,,,Style,,,,,,,,afraid,,,,Woodchuck,,,
Drawn,,,Style,,,,,,,,airy,,,,Woodpecker,,,
Dreamy,,,Context/Lighting,,,,,,,,alone,,,,Widow Spider,,,
Dress,,,Subject,,,,,,,,ambivalent,,,,Wren,,,
Dribbble,,,Amenities,,,,,,,,apathetic,,,,Wombat,,,
Dust,,,Context,,,,,,,,apprehensive,,,,Wildcat,,,
Dutch,,,Style,,,,,,,,arrogant,,,,Wildebeest,,,
Dynamic,,,Kinesis,,,,,,,,ashamed,,,,X-ray fish,,,
Dynasty,,,Amenities,,,,,,,,astonished,,,,Yak,,,
E,,,,,,,,,,,at ease,,,,Yellow Bellied Marmot,,,
Early,,,Lighting,,,,,,,,attacked,,,,Yellow belly sapsucker,,,
Earth,,,Subject/Background,,,,,,,,audacious,,,,Yellow finned tuna,,,
Editorial,,,Style,,,,,,,,autonomous,,,,Yeti,,,
Effect,,,Context,,,,,,,,average,,,,Yorkshire terrier,,,
Elegant,,,Context,,,,,,,,avid,,,,Zander,,,
Emblem,,,Subject/Background,,,,,,,,baffled,,,,Zebra,,,
Emilia,,,Subject/Artist,,,,,,,,bashful,,,,Zebra Finch,,,
Emissions,,,Context,,,,,,,,belittled,,,,Zebra Dove,,,
Emma,,,Subject,,,,,,,,buoyant,,,,Zorilla,,,
Contextal,,,,,,,,,,,burdened,,,,Zebu,,,
Empire,,,Background,,,,,,,,clouded,,,,,,,
Employeelady,,,,,,,,,,,committed,,,,,,,
Enchiladas,,,Subject,,,,,,,,compassionate,,,,,,,
Encyclopedia,,,Subject,,,,,,,,compelled,,,,,,,
Endocrine,,,,,,,,,,,dauntless,,,,,,,
Engine,,,Subject,,,,,,,,debonair,,,,,,,
Engine5,,,,,,,,,,,deceived,,,,,,,
English,,,,,,,,,,,delighted,,,,,,,
Enmeshed,,,Style,,,,,,,,demoralized,,,,,,,
Ensemble,,,Style,,,,,,,,derailed,,,,,,,
Enwonwu,,,,,,,,,,,desirous,,,,,,,
Epic,,,Amenities/Context,,,,,,,,despairing,,,,,,,
Equal,,,Amenities,,,,,,,,devastated,,,,,,,
Establishing,,,,,,,,,,,diffident,,,,,,,
Estonian,,,Style,,,,,,,,discredited,,,,,,,
Ethereal,,,Style/Context,,,,,,,,disheartened,,,,,,,
Evergarden,,,Context,,,,,,,,disinclined,,,,,,,
Existential,,,Context,,,,,,,,disorganized,,,,,,,
Expressive,,,Context,,,,,,,,downcast,,,,,,,
Extra,,,Amenities,,,,,,,,entitled,,,,,,,
Extreme,,,Amenities,,,,,,,,excited,,,,,,,
Extremely,,,Amenities,,,,,,,,exultant,,,,,,,
Eyes,,,Subject,,,,,,,,fidgety,,,,,,,
F/148,,,Context,,,,,,,,frowning,,,,,,,
F/5.6,,,Context,,,,,,,,full of misgiving,,,,,,,
F1.8,,,Context,,,,,,,,great,,,,,,,
Face,,,Subject,,,,,,,,hapless,,,,,,,
Factory;,,,Background,,,,,,,,hated,,,,,,,
Fall,,,Kinesis,,,,,,,,heroic,,,,,,,
Fallen,,,Kinesis,,,,,,,,hostile,,,,,,,
Family,,,Subject,,,,,,,,in despair,,,,,,,
Fantasy,,,Style,,,,,,,,indifferent,,,,,,,
Fashion,,,Amenities,,,,,,,,infuriated,,,,,,,
Fat,,,Subject,,,,,,,,insecure,,,,,,,
Feeling,,,Context,,,,,,,,inspired,,,,,,,
Feminine,,,Style,,,,,,,,inspiring,,,,,,,
Fiction,,,Context,,,,,,,,judged,,,,,,,
Field,,,Background,,,,,,,,justified,,,,,,,
Fight,,,Kinesis,,,,,,,,laughting,,,,,,,
Fighting,,,Kinesis,,,,,,,,loved,,,,,,,
Files,,,Background,,,,,,,,loving,,,,,,,
Film,,,Style,,,,,,,,low,,,,,,,
Fire,,,Context,,,,,,,,lustful,,,,,,,
Fit,,,Amenities,,,,,,,,manipulated,,,,,,,
Flame,,,Background,,,,,,,,mumpish,,,,,,,
Flora,,,Background,,,,,,,,nosey,,,,,,,
Flyingflaming,,,,,,,,,,,numb,,,,,,,
Focus,,,Context,,,,,,,,obliterated,,,,,,,
Fog,,,Background,,,,,,,,peaceful,,,,,,,
Folders,,,Subject,,,,,,,,petrified,,,,,,,
For,,,,,,,,,,,piqued,,,,,,,
Forest,,,Background,,,,,,,,piteous,,,,,,,
Forest.,,,Background,,,,,,,,powerless,,,,,,,
Form,,,Context,,,,,,,,questioning,,,,,,,
Fortune-Telling,,,Context,,,,,,,,rejected,,,,,,,
Fox,,,Subject,,,,,,,,self-satisfied,,,,,,,
Fractal,,,Style,,,,,,,,set up,,,,,,,
Fractured,,,Context,,,,,,,,shut out,,,,,,,
Fragile,,,Amenities,,,,,,,,sorrowful,,,,,,,
Frank,,,Subject,,,,,,,,spirited,,,,,,,
Friendly,,,Context,,,,,,,,supported,,,,,,,
From,,,,,,,,,,,suspicious,,,,,,,
Frye,,,,,,,,,,,terrific,,,,,,,
Full,,,,,,,,,,,trapped,,,,,,,
Fun,,,,,,,,,,,trembling,,,,,,,
Funk,,,,,,,,,,,uncomfortable,,,,,,,
Fur,,,,,,,,,,,underestimated,,,,,,,
Furniture.,,,,,,,,,,,unhappy,,,,,,,
Futuristic,,,,,,,,,,,vindicated,,,,,,,
Fx,,,,,,,,,,,worked up,,,,,,,
Galaxy,,,,,,,,,,,Longshot,,,,,,,
Game,,,,,,,,,,,Cowboy Shot,,,,,,,
Gandalf,,,,,,,,,,,Over the Shoulder,,,,,,,
Ganesh,,,,,,,,,,,,,,,,,,
Gaze,,,,,,,,,,,,,,,,,,
Gemstone,,,,,,,,,,,,,,,,,,
Genetics,,,,,,,,,,,,,,,,,,
Gengar,,,,,,,,,,,,,,,,,,
Gentle,,,,,,,,,,,,,,,,,,
Geode,,,,,,,,,,,,,,,,,,
Geographic,,,,,,,,,,,,,,,,,,
Geographic'S,,,,,,,,,,,,,,,,,,
Gerhard,,,,,,,,,,,,,,,,,,
Girl,,,,,,,,,,,,,,,,,,
Glacial,,,,,,,,,,,,,,,,,,
Glands,,,,,,,,,,,,,,,,,,
Glass,,,,,,,,,,,,,,,,,,
Glitch,,,,,,,,,,,,,,,,,,
Glowing,,,,,,,,,,,,,,,,,,
Go,,,,,,,,,,,,,,,,,,
God,,,,,,,,,,,,,,,,,,
Golden,,,,,,,,,,,,,,,,,,
Gomez,,,,,,,,,,,,,,,,,,
Good,,,,,,,,,,,,,,,,,,
Gorgeous,,,,,,,,,,,,,,,,,,
Grain,,,,,,,,,,,,,,,,,,
Grande,,,,,,,,,,,,,,,,,,
Graphic,,,,,,,,,,,,,,,,,,
Grass,,,,,,,,,,,,,,,,,,
Grassland,,,,,,,,,,,,,,,,,,
Gratitude,,,,,,,,,,,,,,,,,,
Great,,,,,,,,,,,,,,,,,,
Greece,,,,,,,,,,,,,,,,,,
Greek,,,,,,,,,,,,,,,,,,
Green,,,,,,,,,,,,,,,,,,
Grey,,,,,,,,,,,,,,,,,,
Ground,,,,,,,,,,,,,,,,,,
Grungy,,,,,,,,,,,,,,,,,,
Gundam,,,,,,,,,,,,,,,,,,
Gustave,,,,,,,,,,,,,,,,,,
Haida,,,,,,,,,,,,,,,,,,
Hair,,,,,,,,,,,,,,,,,,
Hairs,,,,,,,,,,,,,,,,,,
Halfling,,,,,,,,,,,,,,,,,,
Hall,,,,,,,,,,,,,,,,,,
Hand-Drawn,,,,,,,,,,,,,,,,,,
Handsome,,,,,,,,,,,,,,,,,,
Happy,,,,,,,,,,,,,,,,,,
Hawaii,,,,,,,,,,,,,,,,,,
Hdr,,,,,,,,,,,,,,,,,,
Head,,,,,,,,,,,,,,,,,,
Her,,,,,,,,,,,,,,,,,,
Hero,,,,,,,,,,,,,,,,,,
Hidehiko,,,,,,,,,,,,,,,,,,
High,,,,,,,,,,,,,,,,,,
High-Speed,,,,,,,,,,,,,,,,,,
Highly,,,,,,,,,,,,,,,,,,
Hills,,,,,,,,,,,,,,,,,,
Hiroshi,,,,,,,,,,,,,,,,,,
His,,,,,,,,,,,,,,,,,,
Historic,,,,,,,,,,,,,,,,,,
Hokusai,,,,,,,,,,,,,,,,,,
Hole,,,,,,,,,,,,,,,,,,
Holidays,,,,,,,,,,,,,,,,,,
Home,,,,,,,,,,,,,,,,,,
Horror,,,,,,,,,,,,,,,,,,
Hotorealistic,,,,,,,,,,,,,,,,,,
Houdinihyper-Detail,,,,,,,,,,,,,,,,,,
House,,,,,,,,,,,,,,,,,,
Hq,,,,,,,,,,,,,,,,,,
,,,,,,,,,,,,,,,,,,
Huge,,,,,,,,,,,,,,,,,,
Human,,,,,,,,,,,,,,,,,,
Hyborea,,,,,,,,,,,,,,,,,,
Hyper,,,,,,,,,,,,,,,,,,
Hypermaximalist,,,,,,,,,,,,,,,,,,
Hyperrealism,,,,,,,,,,,,,,,,,,
,,,,,,,,,,,,,,,,,,
Illuminated,,,,,,,,,,,,,,,,,,
Illustration,,,,,,,,,,,,,,,,,,
Imagination,,,,,,,,,,,,,,,,,,
Imaginative,,,,,,,,,,,,,,,,,,
In,,,,,,,,,,,,,,,,,,
Incineroar,,,,,,,,,,,,,,,,,,
Indian,,,,,,,,,,,,,,,,,,
Indians,,,,,,,,,,,,,,,,,,
Ink,,,,,,,,,,,,,,,,,,
Insanely,,,,,,,,,,,,,,,,,,
Inspired.,,,,,,,,,,,,,,,,,,
Into,,,,,,,,,,,,,,,,,,
Intricate,,,,,,,,,,,,,,,,,,
Iridescent,,,,,,,,,,,,,,,,,,
Irving,,,,,,,,,,,,,,,,,,
,,,,,,,,,,,,,,,,,,
Isabella,,,,,,,,,,,,,,,,,,
Iso1900,,,,,,,,,,,,,,,,,,
Isolate,,,,,,,,,,,,,,,,,,
Isometric,,,,,,,,,,,,,,,,,,
Issue,,,,,,,,,,,,,,,,,,
,,,,,,,,,,,,,,,,,,
J-Horror,,,,,,,,,,,,,,,,,,
Japanese,,,,,,,,,,,,,,,,,,
Jeans,,,,,,,,,,,,,,,,,,
Jennifer,,,,,,,,,,,,,,,,,,
Jessica,,,,,,,,,,,,,,,,,,
Jinx,,,,,,,,,,,,,,,,,,
Johnny,,,,,,,,,,,,,,,,,,
Journals,,,,,,,,,,,,,,,,,,
Katana,,,,,,,,,,,,,,,,,,
Katsushika,,,,,,,,,,,,,,,,,,
Kenshin,,,,,,,,,,,,,,,,,,
Kilian,,,,,,,,,,,,,,,,,,
Kim,,,,,,,,,,,,,,,,,,
Knightsin,,,,,,,,,,,,,,,,,,
Kodachrome,,,,,,,,,,,,,,,,,,
Kodak,,,,,,,,,,,,,,,,,,
Kulit,,,,,,,,,,,,,,,,,,
Lacework,,,,,,,,,,,,,,,,,,
Lake,,,,,,,,,,,,,,,,,,
Landscape,,,,,,,,,,,,,,,,,,
Large,,,,,,,,,,,,,,,,,,
Latina,,,,,,,,,,,,,,,,,,
,,,,,,,,,,,,,,,,,,
League,,,,,,,,,,,,,,,,,,
Leather,,,,,,,,,,,,,,,,,,
Lefrancois,,,,,,,,,,,,,,,,,,
Legende,,,,,,,,,,,,,,,,,,
Legends,,,,,,,,,,,,,,,,,,
Leonardo,,,,,,,,,,,,,,,,,,
Lhasa,,,,,,,,,,,,,,,,,,
Light,,,,,,,,,,,,,,,,,,
Lighting,,,,,,,,,,,,,,,,,,
Lightning,,,,,,,,,,,,,,,,,,
Lights,,,,,,,,,,,,,,,,,,
Lilly,,,,,,,,,,,,,,,,,,
Line,,,,,,,,,,,,,,,,,,
Linen,,,,,,,,,,,,,,,,,,
Lips,,,,,,,,,,,,,,,,,,
Liquid,,,,,,,,,,,,,,,,,,
Living,,,,,,,,,,,,,,,,,,
Lloyd,,,,,,,,,,,,,,,,,,
Located,,,,,,,,,,,,,,,,,,
Logo,,,,,,,,,,,,,,,,,,
Long,,,,,,,,,,,,,,,,,,
Look,,,,,,,,,,,,,,,,,,
Looks,,,,,,,,,,,,,,,,,,
Lord,,,,,,,,,,,,,,,,,,
Low,,,,,,,,,,,,,,,,,,
Lowest,,,,,,,,,,,,,,,,,,
Luggage,,,,,,,,,,,,,,,,,,
Ly,,,,,,,,,,,,,,,,,,
Lycanroc,,,,,,,,,,,,,,,,,,
Lyrical,,,,,,,,,,,,,,,,,,
Made,,,,,,,,,,,,,,,,,,
Magic,,,,,,,,,,,,,,,,,,
Magical,,,,,,,,,,,,,,,,,,
Main,,,,,,,,,,,,,,,,,,
Make,,,,,,,,,,,,,,,,,,
Male,,,,,,,,,,,,,,,,,,
Man,,,,,,,,,,,,,,,,,,
,,,,,,,,,,,,,,,,,,
,,,,,,,,,,,,,,,,,,
,,,,,,,,,,,,,,,,,,
,,,,,,,,,,,,,,,,,,
,,,,,,,,,,,,,,,,,,
,,,,,,,,,,,,,,,,,,
,,,,,,,,,,,,,,,,,,
,,,,,,,,,,,,,,,,,,
,,,,,,,,,,,,,,,,,,
,,,,,,,,,,,,,,,,,,
,,,,,,,,,,,,,,,,,,
,,,,,,,,,,,,,,,,,,
,,,,,,,,,,,,,,,,,,
Painting,,,,,,,,,,,,,,,,,,
,,,,,,,,,,,,,,,,,,
,,,,,,,,,,,,,,,,,,
Gladiators,,,,,,,,,,,,,,,,,,
Mandala,,,,,,,,,,,,,,,,,,
Manuscript,,,,,,,,,,,,,,,,,,
Map,,,,,,,,,,,,,,,,,,
Mapping,,,,,,,,,,,,,,,,,,
Marc,,,,,,,,,,,,,,,,,,
Mark,,,,,,,,,,,,,,,,,,
Marooned,,,,,,,,,,,,,,,,,,
Massive,,,,,,,,,,,,,,,,,,
Medieval,,,,,,,,,,,,,,,,,,
Medium,,,,,,,,,,,,,,,,,,
Member,,,,,,,,,,,,,,,,,,
Metal,,,,,,,,,,,,,,,,,,
Meticulously,,,,,,,,,,,,,,,,,,
Michael,,,,,,,,,,,,,,,,,,
Mid-Air,,,,,,,,,,,,,,,,,,
Middle,,,,,,,,,,,,,,,,,,
Middle.,,,,,,,,,,,,,,,,,,
Midnight,,,,,,,,,,,,,,,,,,
Miles,,,,,,,,,,,,,,,,,,
Milk,,,,,,,,,,,,,,,,,,
Milky,,,,,,,,,,,,,,,,,,
Miss,,,,,,,,,,,,,,,,,,
Missing,,,,,,,,,,,,,,,,,,
Mix,,,,,,,,,,,,,,,,,,
Mixed,,,,,,,,,,,,,,,,,,
Mode,,,,,,,,,,,,,,,,,,
Model,,,,,,,,,,,,,,,,,,
Modern,,,,,,,,,,,,,,,,,,
Moment,,,,,,,,,,,,,,,,,,
Moon,,,,,,,,,,,,,,,,,,
Moonlight,,,,,,,,,,,,,,,,,,
Moraine,,,,,,,,,,,,,,,,,,
Morgan,,,,,,,,,,,,,,,,,,
Morning,,,,,,,,,,,,,,,,,,
Moroccan,,,,,,,,,,,,,,,,,,
Morty,,,,,,,,,,,,,,,,,,
Moss,,,,,,,,,,,,,,,,,,
Most,,,,,,,,,,,,,,,,,,
Motion,,,,,,,,,,,,,,,,,,
Mountain,,,,,,,,,,,,,,,,,,
Mountains,,,,,,,,,,,,,,,,,,
Mountaintop,,,,,,,,,,,,,,,,,,
Movie,,,,,,,,,,,,,,,,,,
Mucha,,,,,,,,,,,,,,,,,,
Muerte,,,,,,,,,,,,,,,,,,
Myst,,,,,,,,,,,,,,,,,,
Mythical,,,,,,,,,,,,,,,,,,
Nail,,,,,,,,,,,,,,,,,,
Nakadai,,,,,,,,,,,,,,,,,,
Natalie,,,,,,,,,,,,,,,,,,
National,,,,,,,,,,,,,,,,,,
Nature,,,,,,,,,,,,,,,,,,
Nebula,,,,,,,,,,,,,,,,,,
Neck,,,,,,,,,,,,,,,,,,
Never,,,,,,,,,,,,,,,,,,
New,,,,,,,,,,,,,,,,,,
Next,,,,,,,,,,,,,,,,,,
Nft,,,,,,,,,,,,,,,,,,
Nice,,,,,,,,,,,,,,,,,,
Nicola,,,,,,,,,,,,,,,,,,
Night,,,,,,,,,,,,,,,,,,
Nihei,,,,,,,,,,,,,,,,,,
Nirvana,,,,,,,,,,,,,,,,,,
No,,,,,,,,,,,,,,,,,,
Noisy,,,,,,,,,,,,,,,,,,
Nose,,,,,,,,,,,,,,,,,,
Not,,,,,,,,,,,,,,,,,,
Notes,,,,,,,,,,,,,,,,,,
Nouveau,,,,,,,,,,,,,,,,,,
Novel,,,,,,,,,,,,,,,,,,
Observatory,,,,,,,,,,,,,,,,,,
Obsidian,,,,,,,,,,,,,,,,,,
Ocean,,,,,,,,,,,,,,,,,,
Octane,,,,,,,,,,,,,,,,,,
Of,,,,,,,,,,,,,,,,,,
Oil,,,,,,,,,,,,,,,,,,
Old,,,,,,,,,,,,,,,,,,
On,,,,,,,,,,,,,,,,,,
Open,,,,,,,,,,,,,,,,,,
Opulent,,,,,,,,,,,,,,,,,,
Orange,,,,,,,,,,,,,,,,,,
Orion,,,,,,,,,,,,,,,,,,
Ornate,,,,,,,,,,,,,,,,,,
Out,,,,,,,,,,,,,,,,,,
Outer,,,,,,,,,,,,,,,,,,
Over,,,,,,,,,,,,,,,,,,
Owl,,,,,,,,,,,,,,,,,,
Painted,,,,,,,,,,,,,,,,,,
Paintingtrending,,,,,,,,,,,,,,,,,,
Palace,,,,,,,,,,,,,,,,,,
Pan,,,,,,,,,,,,,,,,,,
Paper,,,,,,,,,,,,,,,,,,
Parchment,,,,,,,,,,,,,,,,,,
Particle,,,,,,,,,,,,,,,,,,
Particles,,,,,,,,,,,,,,,,,,
Pastels,,,,,,,,,,,,,,,,,,
Path,,,,,,,,,,,,,,,,,,
Pattern,,,,,,,,,,,,,,,,,,
Patterns,,,,,,,,,,,,,,,,,,
Pen,,,,,,,,,,,,,,,,,,
Pencil,,,,,,,,,,,,,,,,,,
Penn,,,,,,,,,,,,,,,,,,
Perfect,,,,,,,,,,,,,,,,,,
Photo,,,,,,,,,,,,,,,,,,
Eevee,,,,,,,,,,,,,,,,,,
Photograph,,,,,,,,,,,,,,,,,,
Photography,,,,,,,,,,,,,,,,,,
Photorealistic,,,,,,,,,,,,,,,,,,
Piece,,,,,,,,,,,,,,,,,,
Pink,,,,,,,,,,,,,,,,,,
Pinterest,,,,,,,,,,,,,,,,,,
Pirondini,,,,,,,,,,,,,,,,,,
Pixel,,,,,,,,,,,,,,,,,,
Planet,,,,,,,,,,,,,,,,,,
Planetary,,,,,,,,,,,,,,,,,,
Played,,,,,,,,,,,,,,,,,,
Pokemon,,,,,,,,,,,,,,,,,,
Pole,,,,,,,,,,,,,,,,,,
Portal,,,,,,,,,,,,,,,,,,
Portman,,,,,,,,,,,,,,,,,,
Portra,,,,,,,,,,,,,,,,,,
Portrait,,,,,,,,,,,,,,,,,,
Portrait:,,,,,,,,,,,,,,,,,,
Pose,,,,,,,,,,,,,,,,,,
Post-Processing,,,,,,,,,,,,,,,,,,
Poster,,,,,,,,,,,,,,,,,,
Potala,,,,,,,,,,,,,,,,,,
Pouring,,,,,,,,,,,,,,,,,,
Priestess,,,,,,,,,,,,,,,,,,
Princesses,,,,,,,,,,,,,,,,,,
Print,,,,,,,,,,,,,,,,,,
Prize,,,,,,,,,,,,,,,,,,
Process,,,,,,,,,,,,,,,,,,
Processing,,,,,,,,,,,,,,,,,,
Psychadelia,,,,,,,,,,,,,,,,,,
Psychology,,,,,,,,,,,,,,,,,,
Puddles,,,,,,,,,,,,,,,,,,
Quality,,,,,,,,,,,,,,,,,,
Quality8Kmaxon,,,,,,,,,,,,,,,,,,
Quality.,,,,,,,,,,,,,,,,,,
Radiosity,,,,,,,,,,,,,,,,,,
Raglan,,,,,,,,,,,,,,,,,,
Rain,,,,,,,,,,,,,,,,,,
Rainbow,,,,,,,,,,,,,,,,,,
Ralph,,,,,,,,,,,,,,,,,,
Randomized,,,,,,,,,,,,,,,,,,
Range,,,,,,,,,,,,,,,,,,
Rays,,,,,,,,,,,,,,,,,,
Realistic,,,,,,,,,,,,,,,,,,
Rebel,,,,,,,,,,,,,,,,,,
Red,,,,,,,,,,,,,,,,,,
Reflections,,,,,,,,,,,,,,,,,,
Reflective,,,,,,,,,,,,,,,,,,
Render,,,,,,,,,,,,,,,,,,
Renderer,,,,,,,,,,,,,,,,,,
Rendering,,,,,,,,,,,,,,,,,,
Research,,,,,,,,,,,,,,,,,,
Amenities,,,,,,,,,,,,,,,,,,
Revolution,,,,,,,,,,,,,,,,,,
Rice,,,,,,,,,,,,,,,,,,
Richter,,,,,,,,,,,,,,,,,,
Rick,,,,,,,,,,,,,,,,,,
Riding,,,,,,,,,,,,,,,,,,
Rim,,,,,,,,,,,,,,,,,,
Rings,,,,,,,,,,,,,,,,,,
Rise,,,,,,,,,,,,,,,,,,
Rock,,,,,,,,,,,,,,,,,,
Rocks,,,,,,,,,,,,,,,,,,
Rollhuge,,,,,,,,,,,,,,,,,,
Rolls,,,,,,,,,,,,,,,,,,
Ronin,,,,,,,,,,,,,,,,,,
Room,,,,,,,,,,,,,,,,,,
Ropes,,,,,,,,,,,,,,,,,,
Rosenfinch,,,,,,,,,,,,,,,,,,
Ross,,,,,,,,,,,,,,,,,,
Royal,,,,,,,,,,,,,,,,,,
Ruby,,,,,,,,,,,,,,,,,,
Rugs.,,,,,,,,,,,,,,,,,,
Rule,,,,,,,,,,,,,,,,,,
Rurouni,,,,,,,,,,,,,,,,,,
Rv,,,,,,,,,,,,,,,,,,
Sailboat,,,,,,,,,,,,,,,,,,
Same,,,,,,,,,,,,,,,,,,
Samurai,,,,,,,,,,,,,,,,,,
Sandra,,,,,,,,,,,,,,,,,,
Santa,,,,,,,,,,,,,,,,,,
Satisfaction,,,,,,,,,,,,,,,,,,
Savage,,,,,,,,,,,,,,,,,,
Scarf,,,,,,,,,,,,,,,,,,
Scene,,,,,,,,,,,,,,,,,,
Schematics,,,,,,,,,,,,,,,,,,
Schoenberger,,,,,,,,,,,,,,,,,,
Sci-Fi,,,,,,,,,,,,,,,,,,
Sea,,,,,,,,,,,,,,,,,,
Seascape,,,,,,,,,,,,,,,,,,
Selena,,,,,,,,,,,,,,,,,,
Sensualism,,,,,,,,,,,,,,,,,,
Sentinel,,,,,,,,,,,,,,,,,,
Sergey,,,,,,,,,,,,,,,,,,
Shading,,,,,,,,,,,,,,,,,,
Shadow,,,,,,,,,,,,,,,,,,
Shadows,,,,,,,,,,,,,,,,,,
Shape,,,,,,,,,,,,,,,,,,
Shards,,,,,,,,,,,,,,,,,,
Sharp,,,,,,,,,,,,,,,,,,
Shimmering,,,,,,,,,,,,,,,,,,
Shining,,,,,,,,,,,,,,,,,,
Shoot,,,,,,,,,,,,,,,,,,
Shot,,,,,,,,,,,,,,,,,,
Silver,,,,,,,,,,,,,,,,,,
Sim,,,,,,,,,,,,,,,,,,
Simon,,,,,,,,,,,,,,,,,,
Simple,,,,,,,,,,,,,,,,,,
Simple Life,,,,,,,,,,,,,,,,,,
Singing,,,,,,,,,,,,,,,,,,
Single,,,,,,,,,,,,,,,,,,
Sketch,,,,,,,,,,,,,,,,,,
Sketchinkanimefull,,,,,,,,,,,,,,,,,,
Skin,,,,,,,,,,,,,,,,,,
Sky,,,,,,,,,,,,,,,,,,
Sleeves,,,,,,,,,,,,,,,,,,
Slightly,,,,,,,,,,,,,,,,,,
Smile,,,,,,,,,,,,,,,,,,
Smiling,,,,,,,,,,,,,,,,,,
Smooth,,,,,,,,,,,,,,,,,,
Snow,,,,,,,,,,,,,,,,,,
Snowflake,,,,,,,,,,,,,,,,,,
So,,,,,,,,,,,,,,,,,,
Soft,,,,,,,,,,,,,,,,,,
Song,,,,,,,,,,,,,,,,,,
Space,,,,,,,,,,,,,,,,,,
Sparkling,,,,,,,,,,,,,,,,,,
Spider,,,,,,,,,,,,,,,,,,
Spine,,,,,,,,,,,,,,,,,,
Sprinkling,,,,,,,,,,,,,,,,,,
Sprite,,,,,,,,,,,,,,,,,,
Staff,,,,,,,,,,,,,,,,,,
Stained,,,,,,,,,,,,,,,,,,
Standing,,,,,,,,,,,,,,,,,,
Stars,,,,,,,,,,,,,,,,,,
Steadman,,,,,,,,,,,,,,,,,,
Sticker,,,,,,,,,,,,,,,,,,
Stone,,,,,,,,,,,,,,,,,,
Stormy,,,,,,,,,,,,,,,,,,
Straight,,,,,,,,,,,,,,,,,,
Street,,,,,,,,,,,,,,,,,,
Strong,,,,,,,,,,,,,,,,,,
Stubble,,,,,,,,,,,,,,,,,,
Studio,,,,,,,,,,,,,,,,,,
Stunning,,,,,,,,,,,,,,,,,,
Style,,,,,,,,,,,,,,,,,,
Stylecover,,,,,,,,,,,,,,,,,,
,,,,,,,,,,,,,,,,,,
Sugar,,,,,,,,,,,,,,,,,,
Sun,,,,,,,,,,,,,,,,,,
Sunglasses,,,,,,,,,,,,,,,,,,
Sunset,,,,,,,,,,,,,,,,,,
Super,,,,,,,,,,,,,,,,,,
Super-Amenities,,,,,,,,,,,,,,,,,,
Surfer,,,,,,,,,,,,,,,,,,
Surreal,,,,,,,,,,,,,,,,,,
Survival,,,,,,,,,,,,,,,,,,
Sweat,,,,,,,,,,,,,,,,,,
Swirls,,,,,,,,,,,,,,,,,,
Sword,,,,,,,,,,,,,,,,,,
Swordsman,,,,,,,,,,,,,,,,,,
Symmetrical,,,,,,,,,,,,,,,,,,
Symmetry,,,,,,,,,,,,,,,,,,
Synth,,,,,,,,,,,,,,,,,,
Syzygy,,,,,,,,,,,,,,,,,,
Tabacchi,,,,,,,,,,,,,,,,,,
Tablet,,,,,,,,,,,,,,,,,,
Tank,,,,,,,,,,,,,,,,,,
Tanned,,,,,,,,,,,,,,,,,,
Tapestry,,,,,,,,,,,,,,,,,,
Tarot,,,,,,,,,,,,,,,,,,
Tatsuya,,,,,,,,,,,,,,,,,,
Tear,,,,,,,,,,,,,,,,,,
Technology,,,,,,,,,,,,,,,,,,
Teen,,,,,,,,,,,,,,,,,,
Telephoto,,,,,,,,,,,,,,,,,,
Television,,,,,,,,,,,,,,,,,,
Temple,,,,,,,,,,,,,,,,,,
Terrace,,,,,,,,,,,,,,,,,,
Textile,,,,,,,,,,,,,,,,,,
,,,,,,,,,,,,,,,,,,
,,,,,,,,,,,,,,,,,,
Thirds,,,,,,,,,,,,,,,,,,
Three,,,,,,,,,,,,,,,,,,
Through,,,,,,,,,,,,,,,,,,
Tibetan,,,,,,,,,,,,,,,,,,
Tiny,,,,,,,,,,,,,,,,,,
Title,,,,,,,,,,,,,,,,,,
,,,,,,,,,,,,,,,,,,
Tone,,,,,,,,,,,,,,,,,,
,,,,,,,,,,,,,,,,,,
Top,,,,,,,,,,,,,,,,,,
Topographic,,,,,,,,,,,,,,,,,,
Totally,,,,,,,,,,,,,,,,,,
Totem,,,,,,,,,,,,,,,,,,
Towards,,,,,,,,,,,,,,,,,,
Town,,,,,,,,,,,,,,,,,,
Traditional,,,,,,,,,,,,,,,,,,
,,,,,,,,,,,,,,,,,,
Transforming,,,,,,,,,,,,,,,,,,
Translucent,,,,,,,,,,,,,,,,,,
Transparent,,,,,,,,,,,,,,,,,,
Trees,,,,,,,,,,,,,,,,,,
Trending,,,,,,,,,,,,,,,,,,
Triangle,,,,,,,,,,,,,,,,,,
Trouble,,,,,,,,,,,,,,,,,,
,,,,,,,,,,,,,,,,,,
Tshirt,,,,,,,,,,,,,,,,,,
Tsutomu,,,,,,,,,,,,,,,,,,
Turbines,,,,,,,,,,,,,,,,,,
Turkish,,,,,,,,,,,,,,,,,,
Ukiyo,,,,,,,,,,,,,,,,,,
Ultra,,,,,,,,,,,,,,,,,,
Ultradetailed,,,,,,,,,,,,,,,,,,
Understanding,,,,,,,,,,,,,,,,,,
Underwater,,,,,,,,,,,,,,,,,,
Unknown,,,,,,,,,,,,,,,,,,
Unreal,,,,,,,,,,,,,,,,,,
Up,,,,,,,,,,,,,,,,,,
Upon,,,,,,,,,,,,,,,,,,
Upside-Down,,,,,,,,,,,,,,,,,,
Very,,,,,,,,,,,,,,,,,,
View,,,,,,,,,,,,,,,,,,
Viewornate,,,,,,,,,,,,,,,,,,
Viking,,,,,,,,,,,,,,,,,,
Village,,,,,,,,,,,,,,,,,,
Vinci,,,,,,,,,,,,,,,,,,
Violet,,,,,,,,,,,,,,,,,,
Visible,,,,,,,,,,,,,,,,,,
Vivid,,,,,,,,,,,,,,,,,,
Volume,,,,,,,,,,,,,,,,,,
Volumetric,,,,,,,,,,,,,,,,,,
Waist,,,,,,,,,,,,,,,,,,
Walking,,,,,,,,,,,,,,,,,,
Wallpaper,,,,,,,,,,,,,,,,,,
War,,,,,,,,,,,,,,,,,,
Warm,,,,,,,,,,,,,,,,,,
,,,,,,,,,,,,,,,,,,
Warrior,,,,,,,,,,,,,,,,,,
Watching,,,,,,,,,,,,,,,,,,
Water,,,,,,,,,,,,,,,,,,
Watson,,,,,,,,,,,,,,,,,,
Wave,,,,,,,,,,,,,,,,,,
Waves,,,,,,,,,,,,,,,,,,
,,,,,,,,,,,,,,,,,,
,,,,,,,,,,,,,,,,,,
Way,,,,,,,,,,,,,,,,,,
Wayang,,,,,,,,,,,,,,,,,,
Wearing,,,,,,,,,,,,,,,,,,
Web,,,,,,,,,,,,,,,,,,
Web3,,,,,,,,,,,,,,,,,,
White,,,,,,,,,,,,,,,,,,
Wide,,,,,,,,,,,,,,,,,,
Wielding,,,,,,,,,,,,,,,,,,
Wife,,,,,,,,,,,,,,,,,,
Wild,,,,,,,,,,,,,,,,,,
Will,,,,,,,,,,,,,,,,,,
Wind,,,,,,,,,,,,,,,,,,
Windows,,,,,,,,,,,,,,,,,,
Wing,,,,,,,,,,,,,,,,,,
Winning,,,,,,,,,,,,,,,,,,
Wise,,,,,,,,,,,,,,,,,,
With,,,,,,,,,,,,,,,,,,
Within,,,,,,,,,,,,,,,,,,
Wlop,,,,,,,,,,,,,,,,,,
Woman,,,,,,,,,,,,,,,,,,
Wood,,,,,,,,,,,,,,,,,,
Wooden,,,,,,,,,,,,,,,,,,
World,,,,,,,,,,,,,,,,,,
Worshiped,,,,,,,,,,,,,,,,,,
Wright,,,,,,,,,,,,,,,,,,
Wrightson,,,,,,,,,,,,,,,,,,
Wrightston,,,,,,,,,,,,,,,,,,
Wrists,,,,,,,,,,,,,,,,,,
Written,,,,,,,,,,,,,,,,,,
Wyeth,,,,,,,,,,,,,,,,,,
Yamane,,,,,,,,,,,,,,,,,,
Year,,,,,,,,,,,,,,,,,,
Years,,,,,,,,,,,,,,,,,,
Yeul,,,,,,,,,,,,,,,,,,
Yoshida,,,,,,,,,,,,,,,,,,
You,,,,,,,,,,,,,,,,,,
,,,,,,,,,,,,,,,,,,
Your,,,,,,,,,,,,,,,,,,
Yurt,,,,,,,,,,,,,,,,,,
Zendaya,,,,,,,,,,,,,,,,,,
Zoomed,,,,,,,,,,,,,,,,,,
Aardvark,,,Subject,,,,,,,,,,,,,,,
African Elephant,,,Subject,,,,,,,,,,,,,,,
African Tree Pangolin,,,Subject,,,,,,,,,,,,,,,
Albatross,,,Subject,,,,,,,,,,,,,,,
Alligator,,,Subject,,,,,,,,,,,,,,,
Alpaca,,,Subject,,,,,,,,,,,,,,,
Anaconda,,,Subject,,,,,,,,,,,,,,,
Angel Fish,,,Subject,,,,,,,,,,,,,,,
Ant,,,Subject,,,,,,,,,,,,,,,
Anteater,,,Subject,,,,,,,,,,,,,,,
Antelope,,,Subject,,,,,,,,,,,,,,,
Archer Fish,,,Subject,,,,,,,,,,,,,,,
Armadillo,,,Subject,,,,,,,,,,,,,,,
Asian Elephant,,,Subject,,,,,,,,,,,,,,,
Atlantic Puffin,,,Subject,,,,,,,,,,,,,,,
Aye-Aye,,,Subject,,,,,,,,,,,,,,,
Arab horse,,,Subject,,,,,,,,,,,,,,,
Baboon,,,Subject,,,,,,,,,,,,,,,
Badger,,,Subject,,,,,,,,,,,,,,,
Bald Eagle,,,Subject,,,,,,,,,,,,,,,
Bandicoot,,,Subject,,,,,,,,,,,,,,,
Bangle Tiger,,,Subject,,,,,,,,,,,,,,,
Barnacle,,,Subject,,,,,,,,,,,,,,,
Barracuda,,,Subject,,,,,,,,,,,,,,,
Basilisk,,,Subject,,,,,,,,,,,,,,,
Bass,,,Subject,,,,,,,,,,,,,,,
Basset Hound,,,Subject,,,,,,,,,,,,,,,
Bat,,,Subject,,,,,,,,,,,,,,,
Bearded Dragon,,,Subject,,,,,,,,,,,,,,,
Beaver,,,Subject,,,,,,,,,,,,,,,
Bee,,,Subject,,,,,,,,,,,,,,,
Beetle,,,Subject,,,,,,,,,,,,,,,
Beluga Whale,,,Subject,,,,,,,,,,,,,,,
Bird,,,Subject,,,,,,,,,,,,,,,
Big-horned sheep,,,Subject,,,,,,,,,,,,,,,
Bird of paradise,,,Subject,,,,,,,,,,,,,,,
Bison,,,Subject,,,,,,,,,,,,,,,
Billy goat,,,Subject,,,,,,,,,,,,,,,
Black Bear,,,Subject,,,,,,,,,,,,,,,
Black Fly,,,Subject,,,,,,,,,,,,,,,
Black Rhino,,,Subject,,,,,,,,,,,,,,,
Black Footed Rhino,,,Subject,,,,,,,,,,,,,,,
Black Widow Spider,,,Subject,,,,,,,,,,,,,,,
Blackbird,,,Subject,,,,,,,,,,,,,,,
Blowfish,,,Subject,,,,,,,,,,,,,,,
Blue Jay,,,Subject,,,,,,,,,,,,,,,
Blue Whale,,,Subject,,,,,,,,,,,,,,,
Boa,,,Subject,,,,,,,,,,,,,,,
Boar,,,Subject,,,,,,,,,,,,,,,
Bob-Cat,,,Subject,,,,,,,,,,,,,,,
Bonobo,,,Subject,,,,,,,,,,,,,,,
Bottle-Nose dolphin,,,Subject,,,,,,,,,,,,,,,
Bornean Orang-utan,,,Subject,,,,,,,,,,,,,,,
Boxer dog,,,Subject,,,,,,,,,,,,,,,
Brown Bear,,,Subject,,,,,,,,,,,,,,,
Buck,,,Subject,,,,,,,,,,,,,,,
Budgie,,,Subject,,,,,,,,,,,,,,,
Buffalo,,,Subject,,,,,,,,,,,,,,,
Bull,,,Subject,,,,,,,,,,,,,,,
Bull frog,,,Subject,,,,,,,,,,,,,,,
Bull Mastiff,,,Subject,,,,,,,,,,,,,,,
Butterfly,,,Subject,,,,,,,,,,,,,,,
Buzzard,,,Subject,,,,,,,,,,,,,,,
Border Collie,,,Subject,,,,,,,,,,,,,,,
Caribou,,,Subject,,,,,,,,,,,,,,,
Cheetah,,,Subject,,,,,,,,,,,,,,,
Common Dolphin,,,Subject,,,,,,,,,,,,,,,
Common seal,,,Subject,,,,,,,,,,,,,,,
Caiman lizard,,,Subject,,,,,,,,,,,,,,,
Camel,,,Subject,,,,,,,,,,,,,,,
Canary,,,Subject,,,,,,,,,,,,,,,
Carp,,,Subject,,,,,,,,,,,,,,,
Cat,,,Subject,,,,,,,,,,,,,,,
Caterpillar,,,Subject,,,,,,,,,,,,,,,
Cattle,,,Subject,,,,,,,,,,,,,,,
Catfish,,,Subject,,,,,,,,,,,,,,,
Chameleon,,,Subject,,,,,,,,,,,,,,,
Centipede,,,Subject,,,,,,,,,,,,,,,
Chicken,,,Subject,,,,,,,,,,,,,,,
Chimpanzee,,,Subject,,,,,,,,,,,,,,,
Chihuahua,,,Subject,,,,,,,,,,,,,,,
Chinchilla,,,Subject,,,,,,,,,,,,,,,
Chipmunk,,,Subject,,,,,,,,,,,,,,,
Clam,,,Subject,,,,,,,,,,,,,,,
Chupacabra,,,Subject,,,,,,,,,,,,,,,
Clown Fish,,,Subject,,,,,,,,,,,,,,,
Cobra,,,Subject,,,,,,,,,,,,,,,
Cocker Spaniel,,,Subject,,,,,,,,,,,,,,,
Cockatiel,,,Subject,,,,,,,,,,,,,,,
Cockatoo,,,Subject,,,,,,,,,,,,,,,
Cockroach,,,Subject,,,,,,,,,,,,,,,
Cod,,,Subject,,,,,,,,,,,,,,,
Coho,,,Subject,,,,,,,,,,,,,,,
Corn Snake,,,Subject,,,,,,,,,,,,,,,
Cougar,,,Subject,,,,,,,,,,,,,,,
Cow,,,Subject,,,,,,,,,,,,,,,
Coyote,,,Subject,,,,,,,,,,,,,,,
Crab,,,Subject,,,,,,,,,,,,,,,
Crane,,,Subject,,,,,,,,,,,,,,,
Crawfish,,,Subject,,,,,,,,,,,,,,,
Cray fish,,,Subject,,,,,,,,,,,,,,,
Cricket,,,Subject,,,,,,,,,,,,,,,
Crocodile,,,Subject,,,,,,,,,,,,,,,
Crow,,,Subject,,,,,,,,,,,,,,,
Cuckoo bird,,,Subject,,,,,,,,,,,,,,,
Cuttle fish,,,Subject,,,,,,,,,,,,,,,
Deer,,,Subject,,,,,,,,,,,,,,,
Dog,,,Subject,,,,,,,,,,,,,,,
Du-gong,,,Subject,,,,,,,,,,,,,,,
Dalmation,,,Subject,,,,,,,,,,,,,,,
Dacshund,,,Subject,,,,,,,,,,,,,,,
Damsel fly,,,Subject,,,,,,,,,,,,,,,
Dart Frog,,,Subject,,,,,,,,,,,,,,,
Devi Fish (Giant Sting ray),,,Subject,,,,,,,,,,,,,,,
Diamond back rattler,,,Subject,,,,,,,,,,,,,,,
Dik-dik,,,Subject,,,,,,,,,,,,,,,
Dingo,,,Subject,,,,,,,,,,,,,,,
Dinosaur,,,Subject,,,,,,,,,,,,,,,
Doberman Pinscher,,,Subject,,,,,,,,,,,,,,,
Dodo bird,,,Subject,,,,,,,,,,,,,,,
Dolphin,,,Subject,,,,,,,,,,,,,,,
Dolly Varden,,,Subject,,,,,,,,,,,,,,,
Donkey,,,Subject,,,,,,,,,,,,,,,
Door mouse,,,Subject,,,,,,,,,,,,,,,
Dormouse,,,Subject,,,,,,,,,,,,,,,
Draft horse,,,Subject,,,,,,,,,,,,,,,
Dove,,,Subject,,,,,,,,,,,,,,,
Dragonfly,,,Subject,,,,,,,,,,,,,,,
Drake,,,Subject,,,,,,,,,,,,,,,
Duck,,,Subject,,,,,,,,,,,,,,,
Duckbill Platypus,,,Subject,,,,,,,,,,,,,,,
Dung beetle,,,Subject,,,,,,,,,,,,,,,
Eurasian Lynx,,,Subject,,,,,,,,,,,,,,,
Eagle,,,Subject,,,,,,,,,,,,,,,
Earthworm,,,Subject,,,,,,,,,,,,,,,
Earwig,,,Subject,,,,,,,,,,,,,,,
Echidna,,,Subject,,,,,,,,,,,,,,,
Eclectus,,,Subject,,,,,,,,,,,,,,,
Eel,,,Subject,,,,,,,,,,,,,,,
Egret,,,Subject,,,,,,,,,,,,,,,
Elephant,,,Subject,,,,,,,,,,,,,,,
Elephant Seal,,,Subject,,,,,,,,,,,,,,,
Elk,,,Subject,,,,,,,,,,,,,,,
Emu,,,Subject,,,,,,,,,,,,,,,
Erne,,,Subject,,,,,,,,,,,,,,,
Falcon,,,Subject,,,,,,,,,,,,,,,
Finch,,,Subject,,,,,,,,,,,,,,,
Fish,,,Subject,,,,,,,,,,,,,,,
Firefly,,,Subject,,,,,,,,,,,,,,,
Flamingo,,,Subject,,,,,,,,,,,,,,,
Flatworm,,,Subject,,,,,,,,,,,,,,,
Fly,,,Subject,,,,,,,,,,,,,,,
Ferret,,,Subject,,,,,,,,,,,,,,,
Fox,,,Subject,,,,,,,,,,,,,,,
Fresh Water Crocodile,,,Subject,,,,,,,,,,,,,,,
Frog,,,Subject,,,,,,,,,,,,,,,
Galapagos Land Iguana,,,Subject,,,,,,,,,,,,,,,
Galapagos Tortoise,,,Subject,,,,,,,,,,,,,,,
Gazelle,,,Subject,,,,,,,,,,,,,,,
Giant Anteater,,,Subject,,,,,,,,,,,,,,,
Giant panda,,,Subject,,,,,,,,,,,,,,,
Giraffe,,,Subject,,,,,,,,,,,,,,,
Gnat,,,Subject,,,,,,,,,,,,,,,
Goat,,,Subject,,,,,,,,,,,,,,,
Goose,,,Subject,,,,,,,,,,,,,,,
Gopher,,,Subject,,,,,,,,,,,,,,,
Gorilla,,,Subject,,,,,,,,,,,,,,,
Grasshopper,,,Subject,,,,,,,,,,,,,,,
Green fly,,,Subject,,,,,,,,,,,,,,,
Grey Whale,,,Subject,,,,,,,,,,,,,,,
Great White Shark,,,Subject,,,,,,,,,,,,,,,
Green poison dart frog,,,Subject,,,,,,,,,,,,,,,
Green Sea Turtle,,,Subject,,,,,,,,,,,,,,,
Groundhog,,,Subject,,,,,,,,,,,,,,,
Hammerhead shark,,,Subject,,,,,,,,,,,,,,,
Hare,,,Subject,,,,,,,,,,,,,,,
Hawk,,,Subject,,,,,,,,,,,,,,,
Hedgehog,,,Subject,,,,,,,,,,,,,,,
Heron,,,Subject,,,,,,,,,,,,,,,
Herring,,,Subject,,,,,,,,,,,,,,,
Hippopotamus,,,Subject,,,,,,,,,,,,,,,
Horse,,,Subject,,,,,,,,,,,,,,,
Hyena,,,Subject,,,,,,,,,,,,,,,
Hyrax,,,Subject,,,,,,,,,,,,,,,
Irrawaddy Dolphin,,,Subject,,,,,,,,,,,,,,,
Iguana,,,Subject,,,,,,,,,,,,,,,
Iguanodon,,,Subject,,,,,,,,,,,,,,,
Impala,,,Subject,,,,,,,,,,,,,,,
Inchworm,,,Subject,,,,,,,,,,,,,,,
Insect,,,Subject,,,,,,,,,,,,,,,
Jellyfish,,,Subject,,,,,,,,,,,,,,,
Jackal,,,Subject,,,,,,,,,,,,,,,
Jackrabbit,,,Subject,,,,,,,,,,,,,,,
Jaguar,,,Subject,,,,,,,,,,,,,,,
June bug,,,Subject,,,,,,,,,,,,,,,
Kangaroo,,,Subject,,,,,,,,,,,,,,,
Killer Whale,,,Subject,,,,,,,,,,,,,,,
King Cobra,,,Subject,,,,,,,,,,,,,,,
Kingfisher,,,Subject,,,,,,,,,,,,,,,
Koala,,,Subject,,,,,,,,,,,,,,,
Komodo Dragon,,,Subject,,,,,,,,,,,,,,,
Kookaburra,,,Subject,,,,,,,,,,,,,,,
Krill,,,Subject,,,,,,,,,,,,,,,
Lama,,,Subject,,,,,,,,,,,,,,,
Lamb,,,Subject,,,,,,,,,,,,,,,
Lancelet,,,Subject,,,,,,,,,,,,,,,
Leatherback sea turtle,,,Subject,,,,,,,,,,,,,,,
Leech,,,Subject,,,,,,,,,,,,,,,
Lemming,,,Subject,,,,,,,,,,,,,,,
Lemur,,,Subject,,,,,,,,,,,,,,,
Leopard,,,Subject,,,,,,,,,,,,,,,
Lice,,,Subject,,,,,,,,,,,,,,,
Lion,,,Subject,,,,,,,,,,,,,,,
Lionfish,,,Subject,,,,,,,,,,,,,,,
Llama,,,Subject,,,,,,,,,,,,,,,
Lobster,,,Subject,,,,,,,,,,,,,,,
Lynx,,,Subject,,,,,,,,,,,,,,,
Manatee,,,Subject,,,,,,,,,,,,,,,
Man-Of-War,,,Subject,,,,,,,,,,,,,,,
Mantis,,,Subject,,,,,,,,,,,,,,,
Marmot,,,Subject,,,,,,,,,,,,,,,
Marsupials,,,Subject,,,,,,,,,,,,,,,
Meerkat,,,Subject,,,,,,,,,,,,,,,
Mink,,,Subject,,,,,,,,,,,,,,,
Mole,,,Subject,,,,,,,,,,,,,,,
Mollusks,,,Subject,,,,,,,,,,,,,,,
Monarch Butterfly,,,Subject,,,,,,,,,,,,,,,
Mongoose,,,Subject,,,,,,,,,,,,,,,
Monkey,,,Subject,,,,,,,,,,,,,,,
Moose,,,Subject,,,,,,,,,,,,,,,
Mountain Lion,,,Subject,,,,,,,,,,,,,,,
Mouse,,,Subject,,,,,,,,,,,,,,,
Mule,,,Subject,,,,,,,,,,,,,,,
Muskox,,,Subject,,,,,,,,,,,,,,,
Muskrat,,,Subject,,,,,,,,,,,,,,,
Naked Mole Rat,,,Subject,,,,,,,,,,,,,,,
Narwhal,,,Subject,,,,,,,,,,,,,,,
Nautilus,,,Subject,,,,,,,,,,,,,,,
Newt,,,Subject,,,,,,,,,,,,,,,
Ocelot,,,Subject,,,,,,,,,,,,,,,
Octopus,,,Subject,,,,,,,,,,,,,,,
Opossum,,,Subject,,,,,,,,,,,,,,,
Orangutan,,,Subject,,,,,,,,,,,,,,,
Orca,,,Subject,,,,,,,,,,,,,,,
Osprey,,,Subject,,,,,,,,,,,,,,,
Ostrich,,,Subject,,,,,,,,,,,,,,,
Otter,,,Subject,,,,,,,,,,,,,,,
Owl,,,Subject,,,,,,,,,,,,,,,
Ox,,,Subject,,,,,,,,,,,,,,,
Panda,,,Subject,,,,,,,,,,,,,,,
Panther,,,Subject,,,,,,,,,,,,,,,
Peacock,,,Subject,,,,,,,,,,,,,,,
Pelican,,,Subject,,,,,,,,,,,,,,,
Penguin,,,Subject,,,,,,,,,,,,,,,
Pig,,,Subject,,,,,,,,,,,,,,,
Pigeon,,,Subject,,,,,,,,,,,,,,,
Platypus,,,Subject,,,,,,,,,,,,,,,
Polar Bear,,,Subject,,,,,,,,,,,,,,,
Porcupine,,,Subject,,,,,,,,,,,,,,,
Praying Mantis,,,Subject,,,,,,,,,,,,,,,
Prawn,,,Subject,,,,,,,,,,,,,,,
Puma,,,Subject,,,,,,,,,,,,,,,
Quail,,,Subject,,,,,,,,,,,,,,,
Quetzal,,,Subject,,,,,,,,,,,,,,,
Rabbit,,,Subject,,,,,,,,,,,,,,,
Raccoon,,,Subject,,,,,,,,,,,,,,,
Rat,,,Subject,,,,,,,,,,,,,,,
Ray,,,Subject,,,,,,,,,,,,,,,
Reindeer,,,Subject,,,,,,,,,,,,,,,
Rhino,,,Subject,,,,,,,,,,,,,,,
Ringworm,,,Subject,,,,,,,,,,,,,,,
Rhinoceros,,,Subject,,,,,,,,,,,,,,,
Robin,,,Subject,,,,,,,,,,,,,,,
Rooster,,,Subject,,,,,,,,,,,,,,,
Roundworm,,,Subject,,,,,,,,,,,,,,,
Salmon,,,Subject,,,,,,,,,,,,,,,
Salt water alligator,,,Subject,,,,,,,,,,,,,,,
Sandpiper,,,Subject,,,,,,,,,,,,,,,
Seahorse,,,Subject,,,,,,,,,,,,,,,
Seal,,,Subject,,,,,,,,,,,,,,,
Sea anemone,,,Subject,,,,,,,,,,,,,,,
Sea Lion,,,Subject,,,,,,,,,,,,,,,
Sea urchin,,,Subject,,,,,,,,,,,,,,,
Scallop,,,Subject,,,,,,,,,,,,,,,
Scorpion,,,Subject,,,,,,,,,,,,,,,
Shark,,,Subject,,,,,,,,,,,,,,,
Sheep,,,Subject,,,,,,,,,,,,,,,
Shrimp,,,Subject,,,,,,,,,,,,,,,
Siberian Husky,,,Subject,,,,,,,,,,,,,,,
Siberian Tiger,,,Subject,,,,,,,,,,,,,,,
Skunks,,,Subject,,,,,,,,,,,,,,,
Slender Loris,,,Subject,,,,,,,,,,,,,,,
Sloth,,,Subject,,,,,,,,,,,,,,,
Sloth bear,,,Subject,,,,,,,,,,,,,,,
Slugs,,,Subject,,,,,,,,,,,,,,,
Snails,,,Subject,,,,,,,,,,,,,,,
Snake,,,Subject,,,,,,,,,,,,,,,
Snow Hare,,,Subject,,,,,,,,,,,,,,,
Snow Fox,,,Subject,,,,,,,,,,,,,,,
Snow Leopard,,,Subject,,,,,,,,,,,,,,,
Somali Wild Ass,,,Subject,,,,,,,,,,,,,,,
Sponge,,,Subject,,,,,,,,,,,,,,,
Spectacled Bear,,,Subject,,,,,,,,,,,,,,,
Squid,,,Subject,,,,,,,,,,,,,,,
Squirrel,,,Subject,,,,,,,,,,,,,,,
Starfish,,,Subject,,,,,,,,,,,,,,,
Stork,,,Subject,,,,,,,,,,,,,,,
Swan,,,Subject,,,,,,,,,,,,,,,
Swordfish,,,Subject,,,,,,,,,,,,,,,
Tapir,,,Subject,,,,,,,,,,,,,,,
Tasmanian Devil,,,Subject,,,,,,,,,,,,,,,
Tiger,,,Subject,,,,,,,,,,,,,,,
Tadpole,,,Subject,,,,,,,,,,,,,,,
Tamarin,,,Subject,,,,,,,,,,,,,,,
Tapeworm,,,Subject,,,,,,,,,,,,,,,
Tarantula,,,Subject,,,,,,,,,,,,,,,
Tarpan,,,Subject,,,,,,,,,,,,,,,
Tazmanian devil,,,Subject,,,,,,,,,,,,,,,
Tazmanian tiger,,,Subject,,,,,,,,,,,,,,,
Terrapin,,,Subject,,,,,,,,,,,,,,,
Tick,,,Subject,,,,,,,,,,,,,,,
Tiger shark,,,Subject,,,,,,,,,,,,,,,
Tortoise,,,Subject,,,,,,,,,,,,,,,
Trout,,,Subject,,,,,,,,,,,,,,,
Turkey,,,Subject,,,,,,,,,,,,,,,
Turtle,,,Subject,,,,,,,,,,,,,,,
Uakari,,,Subject,,,,,,,,,,,,,,,
Umbrella bird,,,Subject,,,,,,,,,,,,,,,
Urchin,,,Subject,,,,,,,,,,,,,,,
Urutu,,,Subject,,,,,,,,,,,,,,,
Vicuna,,,Subject,,,,,,,,,,,,,,,
Viper,,,Subject,,,,,,,,,,,,,,,
Vulture,,,Subject,,,,,,,,,,,,,,,
Vampire bat,,,Subject,,,,,,,,,,,,,,,
Velociraptor,,,Subject,,,,,,,,,,,,,,,
Vole,,,Subject,,,,,,,,,,,,,,,
Viper Fish,,,Subject,,,,,,,,,,,,,,,
Velvet worm,,,Subject,,,,,,,,,,,,,,,
Vervet,,,Subject,,,,,,,,,,,,,,,
Walrus,,,Subject,,,,,,,,,,,,,,,
Warbler,,,Subject,,,,,,,,,,,,,,,
Warthog,,,Subject,,,,,,,,,,,,,,,
Wasp,,,Subject,,,,,,,,,,,,,,,
Water Buffalo,,,Subject,,,,,,,,,,,,,,,
Water Dragons,,,Subject,,,,,,,,,,,,,,,
Wallaby,,,Subject,,,,,,,,,,,,,,,
Whale,,,Subject,,,,,,,,,,,,,,,
Whale Shark,,,Subject,,,,,,,,,,,,,,,
White Rhino,,,Subject,,,,,,,,,,,,,,,
Whippet,,,Subject,,,,,,,,,,,,,,,
White tailed dear,,,Subject,,,,,,,,,,,,,,,
Whooper,,,Subject,,,,,,,,,,,,,,,
Whooping Crane,,,Subject,,,,,,,,,,,,,,,
Weasel,,,Subject,,,,,,,,,,,,,,,
Weevil,,,Subject,,,,,,,,,,,,,,,
Wolf,,,Subject,,,,,,,,,,,,,,,
Wolf Spider,,,Subject,,,,,,,,,,,,,,,
Wolverine,,,Subject,,,,,,,,,,,,,,,
Woodchuck,,,Subject,,,,,,,,,,,,,,,
Woodpecker,,,Subject,,,,,,,,,,,,,,,
Widow Spider,,,Subject,,,,,,,,,,,,,,,
Wren,,,Subject,,,,,,,,,,,,,,,
Wombat,,,Subject,,,,,,,,,,,,,,,
Wildcat,,,Subject,,,,,,,,,,,,,,,
Wildebeest,,,Subject,,,,,,,,,,,,,,,
X-ray fish,,,Subject,,,,,,,,,,,,,,,
Yak,,,Subject,,,,,,,,,,,,,,,
Yellow Bellied Marmot,,,Subject,,,,,,,,,,,,,,,
Yellow belly sapsucker,,,Subject,,,,,,,,,,,,,,,
Yellow finned tuna,,,Subject,,,,,,,,,,,,,,,
Yeti,,,Subject,,,,,,,,,,,,,,,
Yorkshire terrier,,,Subject,,,,,,,,,,,,,,,
Zander,,,Subject,,,,,,,,,,,,,,,
Zebra,,,Subject,,,,,,,,,,,,,,,
Zebra Finch,,,Subject,,,,,,,,,,,,,,,
Zebra Dove,,,Subject,,,,,,,,,,,,,,,
Zorilla,,,Subject,,,,,,,,,,,,,,,
Zebu,,,Subject,,,,,,,,,,,,,,,
victimized,,,Context,,,,,,,,,,,,,,,
accused,,,Context,,,,,,,,,,,,,,,
acquitted,,,Context,,,,,,,,,,,,,,,
adorable,,,Context,,,,,,,,,,,,,,,
adored,,,Context,,,,,,,,,,,,,,,
affected,,,Context,,,,,,,,,,,,,,,
afflicted,,,Context,,,,,,,,,,,,,,,
aghast,,,Context,,,,,,,,,,,,,,,
agog,,,Context,,,,,,,,,,,,,,,
agonized,,,Context,,,,,,,,,,,,,,,
alarmed,,,Context,,,,,,,,,,,,,,,
amused,,,Context,,,,,,,,,,,,,,,
angry,,,Context,,,,,,,,,,,,,,,
anguished,,,Context,,,,,,,,,,,,,,,
animated,,,Context,,,,,,,,,,,,,,,
annoyed,,,Context,,,,,,,,,,,,,,,
anxious,,,Context,,,,,,,,,,,,,,,
apathetic,,,Context,,,,,,,,,,,,,,,
appalled,,,Context,,,,,,,,,,,,,,,
appeased,,,Context,,,,,,,,,,,,,,,
appreciated,,,Context,,,,,,,,,,,,,,,
apprehensive,,,Context,,,,,,,,,,,,,,,
approved of,,,Context,,,,,,,,,,,,,,,
ardent,,,Context,,,,,,,,,,,,,,,
aroused,,,Context,,,,,,,,,,,,,,,
attached,,,Context,,,,,,,,,,,,,,,
attracted,,,Context,,,,,,,,,,,,,,,
autonomous,,,Context,,,,,,,,,,,,,,,
awed,,,Context,,,,,,,,,,,,,,,
awkward,,,Context,,,,,,,,,,,,,,,
beaten down,,,Context,,,,,,,,,,,,,,,
beatific,,,Context,,,,,,,,,,,,,,,
belonging,,,Context,,,,,,,,,,,,,,,
bereaved,,,Context,,,,,,,,,,,,,,,
betrayed,,,Context,,,,,,,,,,,,,,,
bewildered,,,Context,,,,,,,,,,,,,,,
bitter,,,Context,,,,,,,,,,,,,,,
blissful,,,Context,,,,,,,,,,,,,,,
blithe,,,Context,,,,,,,,,,,,,,,
blocked,,,Context,,,,,,,,,,,,,,,
blue,,,Context,,,,,,,,,,,,,,,
boiling,,,Context,,,,,,,,,,,,,,,
bold,,,Context,,,,,,,,,,,,,,,
bored,,,Context,,,,,,,,,,,,,,,
brave,,,Context,,,,,,,,,,,,,,,
bright,,,Context,,,,,,,,,,,,,,,
brisk,,,Context,,,,,,,,,,,,,,,
calm,,,Context,,,,,,,,,,,,,,,
capable,,,Context,,,,,,,,,,,,,,,
captivated,,,Context,,,,,,,,,,,,,,,
careless,,,Context,,,,,,,,,,,,,,,
categorized,,,Context,,,,,,,,,,,,,,,
cautious,,,Context,,,,,,,,,,,,,,,
certain,,,Context,,,,,,,,,,,,,,,
chagrined,,,Context,,,,,,,,,,,,,,,
challenged,,,Context,,,,,,,,,,,,,,,
chastised,,,Context,,,,,,,,,,,,,,,
cheated,,,Context,,,,,,,,,,,,,,,
cheerful,,,Context,,,,,,,,,,,,,,,
cheerless,,,Context,,,,,,,,,,,,,,,
cheery,,,Context,,,,,,,,,,,,,,,
cherished,,,Context,,,,,,,,,,,,,,,
chicken,,,Context,,,,,,,,,,,,,,,
cocky,,,Context,,,,,,,,,,,,,,,
codependent,,,Context,,,,,,,,,,,,,,,
coerced,,,Context,,,,,,,,,,,,,,,
comfortable,,,Context,,,,,,,,,,,,,,,
common,,,Context,,,,,,,,,,,,,,,
competent,,,Context,,,,,,,,,,,,,,,
comBackgroundnt,,,Context,,,,,,,,,,,,,,,
composed,,,Context,,,,,,,,,,,,,,,
concerned,,,Context,,,,,,,,,,,,,,,
confident,,,Context,,,,,,,,,,,,,,,
confused,,,Context,,,,,,,,,,,,,,,
connected,,,Context,,,,,,,,,,,,,,,
conned,,,Context,,,,,,,,,,,,,,,
consumed,,,Context,,,,,,,,,,,,,,,
contented,,,Context,,,,,,,,,,,,,,,
controlled,,,Context,,,,,,,,,,,,,,,
convivial,,,Context,,,,,,,,,,,,,,,
cornered,,,Context,,,,,,,,,,,,,,,
courageous,,,Context,,,,,,,,,,,,,,,
cowardly,,,Context,,,,,,,,,,,,,,,
craving,,,Context,,,,,,,,,,,,,,,
crestfallen,,,Context,,,,,,,,,,,,,,,
criticized,,,Context,,,,,,,,,,,,,,,
cross,,,Context,,,,,,,,,,,,,,,
cross-examined,,,Context,,,,,,,,,,,,,,,
crushed,,,Context,,,,,,,,,,,,,,,
curious,,,Context,,,,,,,,,,,,,,,
cut off,,,Context,,,,,,,,,,,,,,,
daring,,,Context,,,,,,,,,,,,,,,
dark,,,Context,,,,,,,,,,,,,,,
dedicated,,,Context,,,,,,,,,,,,,,,
defeated,,,Context,,,,,,,,,,,,,,,
defenseless,,,Context,,,,,,,,,,,,,,,
degraded,,,Context,,,,,,,,,,,,,,,
dejected,,,Context,,,,,,,,,,,,,,,
depressed,,,Context,,,,,,,,,,,,,,,
deserted,,,Context,,,,,,,,,,,,,,,
desirable,,,Context,,,,,,,,,,,,,,,
despondent,,,Context,,,,,,,,,,,,,,,
detached,,,Context,,,,,,,,,,,,,,,
determined,,,Context,,,,,,,,,,,,,,,
diminished,,,Context,,,,,,,,,,,,,,,
disappointed,,,Context,,,,,,,,,,,,,,,
discarded,,,Context,,,,,,,,,,,,,,,
disconsolate,,,Context,,,,,,,,,,,,,,,
discontented,,,Context,,,,,,,,,,,,,,,
discounted,,,Context,,,,,,,,,,,,,,,
discouraged,,,Context,,,,,,,,,,,,,,,
disgraced,,,Context,,,,,,,,,,,,,,,
disgusted,,,Context,,,,,,,,,,,,,,,
disheartened,,,Context,,,,,,,,,,,,,,,
disillusioned,,,Context,,,,,,,,,,,,,,,
disjointed,,,Context,,,,,,,,,,,,,,,
dismal,,,Context,,,,,,,,,,,,,,,
dismayed,,,Context,,,,,,,,,,,,,,,
disoriented,,,Context,,,,,,,,,,,,,,,
disparaged,,,Context,,,,,,,,,,,,,,,
displeased,,,Context,,,,,,,,,,,,,,,
disrespected,,,Context,,,,,,,,,,,,,,,
distressed,,,Context,,,,,,,,,,,,,,,
distrustful,,,Context,,,,,,,,,,,,,,,
dolorous,,,Context,,,,,,,,,,,,,,,
doubtful,,,Context,,,,,,,,,,,,,,,
down,,,Context,,,,,,,,,,,,,,,
downhearted,,,Context,,,,,,,,,,,,,,,
dreadful,,,Context,,,,,,,,,,,,,,,
dreary,,,Context,,,,,,,,,,,,,,,
dubious,,,Context,,,,,,,,,,,,,,,
dull,,,Context,,,,,,,,,,,,,,,
duped,,,Context,,,,,,,,,,,,,,,
eager,,,Context,,,,,,,,,,,,,,,
earnest,,,Context,,,,,,,,,,,,,,,
ecstatic,,,Context,,,,,,,,,,,,,,,
elated,,,Context,,,,,,,,,,,,,,,
embarrassed,,,Context,,,,,,,,,,,,,,,
empathetic,,,Context,,,,,,,,,,,,,,,
enchanted,,,Context,,,,,,,,,,,,,,,
encouraged,,,Context,,,,,,,,,,,,,,,
engrossed,,,Context,,,,,,,,,,,,,,,
enraged,,,Context,,,,,,,,,,,,,,,
enterprising,,,Context,,,,,,,,,,,,,,,
enthusiastic,,,Context,,,,,,,,,,,,,,,
entrusted,,,Context,,,,,,,,,,,,,,,
esteemed,,,Context,,,,,,,,,,,,,,,
excited,,,Context,,,,,,,,,,,,,,,
excluded,,,Context,,,,,,,,,,,,,,,
exempt,,,Context,,,,,,,,,,,,,,,
exhausted hopeless,,,Context,,,,,,,,,,,,,,,
exhilarated,,,Context,,,,,,,,,,,,,,,
exploited,,,Context,,,,,,,,,,,,,,,
exposed,,,Context,,,,,,,,,,,,,,,
fabulous,,,Context,,,,,,,,,,,,,,,
fainthearted,,,Context,,,,,,,,,,,,,,,
fantastic,,,Context,,,,,,,,,,,,,,,
fascinated,,,Context,,,,,,,,,,,,,,,
favored,,,Context,,,,,,,,,,,,,,,
fearful,,,Context,,,,,,,,,,,,,,,
fervent,,,Context,,,,,,,,,,,,,,,
fervid,,,Context,,,,,,,,,,,,,,,
festive,,,Context,,,,,,,,,,,,,,,
flat,,,Context,,,,,,,,,,,,,,,
focused,,,Context,,,,,,,,,,,,,,,
forced,,,Context,,,,,,,,,,,,,,,
forsaken,,,Context,,,,,,,,,,,,,,,
framed,,,Context,,,,,,,,,,,,,,,
free,,,Context,,,,,,,,,,,,,,,
free & easy,,,Context,,,,,,,,,,,,,,,
frightened,,,Context,,,,,,,,,,,,,,,
frisky,,,Context,,,,,,,,,,,,,,,
frustrated,,,Context,,,,,,,,,,,,,,,
full of anticipation,,,Context,,,,,,,,,,,,,,,
full of ennui,,,Context,,,,,,,,,,,,,,,
fuming,,,Context,,,,,,,,,,,,,,,
funereal,,,Context,,,,,,,,,,,,,,,
furious,,,Context,,,,,,,,,,,,,,,
gallant,,,Context,,,,,,,,,,,,,,,
genial,,,Context,,,,,,,,,,,,,,,
glad,,,Context,,,,,,,,,,,,,,,
gleeful,,,Context,,,,,,,,,,,,,,,
gloomy,,,Context,,,,,,,,,,,,,,,
glum,,,Context,,,,,,,,,,,,,,,
grief-stricken,,,Context,,,,,,,,,,,,,,,
grieved,,,Context,,,,,,,,,,,,,,,
guilt,,,Context,,,,,,,,,,,,,,,
guilty,,,Context,,,,,,,,,,,,,,,
happy,,,Context,,,,,,,,,,,,,,,
hardy,,,Context,,,,,,,,,,,,,,,
heartbroken,,,Context,,,,,,,,,,,,,,,
heavyhearted,,,Context,,,,,,,,,,,,,,,
hesitant,,,Context,,,,,,,,,,,,,,,
high-spirited,,,Context,,,,,,,,,,,,,,,
hilarious,,,Context,,,,,,,,,,,,,,,
hopeful,,,Context,,,,,,,,,,,,,,,
horny,,,Context,,,,,,,,,,,,,,,
horrified,,,Context,,,,,,,,,,,,,,,
hot and bothered,,,Context,,,,,,,,,,,,,,,
humiliated,,,Context,,,,,,,,,,,,,,,
humorous,,,Context,,,,,,,,,,,,,,,
hurt,,,Context,,,,,,,,,,,,,,,
hysterical,,,Context,,,,,,,,,,,,,,,
ignored,,,Context,,,,,,,,,,,,,,,
ill at ease,,,Context,,,,,,,,,,,,,,,
immobilized,,,Context,,,,,,,,,,,,,,,
immune,,,Context,,,,,,,,,,,,,,,
important,,,Context,,,,,,,,,,,,,,,
impotent,,,Context,,,,,,,,,,,,,,,
imprisoned,,,Context,,,,,,,,,,,,,,,
in a huff,,,Context,,,,,,,,,,,,,,,
in a stew,,,Context,,,,,,,,,,,,,,,
in control,,,Context,,,,,,,,,,,,,,,
in fear,,,Context,,,,,,,,,,,,,,,
in pain,,,Context,,,,,,,,,,,,,,,
in the dumps,,,Context,,,,,,,,,,,,,,,
in the zone,,,Context,,,,,,,,,,,,,,,
incensed,,,Context,,,,,,,,,,,,,,,
included,,,Context,,,,,,,,,,,,,,,
indecisive,,,Context,,,,,,,,,,,,,,,
independent,,,Context,,,,,,,,,,,,,,,
indignant,,,Context,,,,,,,,,,,,,,,
infatuated,,,Context,,,,,,,,,,,,,,,
inflamed,,,Context,,,,,,,,,,,,,,,
injured,,,Context,,,,,,,,,,,,,,,
inquisitive,,,Context,,,,,,,,,,,,,,,
insecure,,,Context,,,,,,,,,,,,,,,
insignificant,,,Context,,,,,,,,,,,,,,,
intent,,,Context,,,,,,,,,,,,,,,
interested,,,Context,,,,,,,,,,,,,,,
interrogated,,,Context,,,,,,,,,,,,,,,
intrigued,,,Context,,,,,,,,,,,,,,,
irate,,,Context,,,,,,,,,,,,,,,
irresolute,,,Context,,,,,,,,,,,,,,,
irresponsible,,,Context,,,,,,,,,,,,,,,
irritated,,,Context,,,,,,,,,,,,,,,
isolated,,,Context,,,,,,,,,,,,,,,
jaunty,,,Context,,,,,,,,,,,,,,,
jocular,,,Context,,,,,,,,,,,,,,,
jolly,,,Context,,,,,,,,,,,,,,,
jovial,,,Context,,,,,,,,,,,,,,,
joyful,,,Context,,,,,,,,,,,,,,,
joyless,,,Context,,,,,,,,,,,,,,,
joyous,,,Context,,,,,,,,,,,,,,,
jubilant,,,Context,,,,,,,,,,,,,,,
justified,,,Context,,,,,,,,,,,,,,,
keen,,,Context,,,,,,,,,,,,,,,
labeled,,,Context,,,,,,,,,,,,,,,
lackadaisical,,,Context,,,,,,,,,,,,,,,
lazy,,,Context,,,,,,,,,,,,,,,
left out,,,Context,,,,,,,,,,,,,,,
let down,,,Context,,,,,,,,,,,,,,,
lethargic,,,Context,,,,,,,,,,,,,,,
lied to,,,Context,,,,,,,,,,,,,,,
lighthearted,,,Context,,,,,,,,,,,,,,,
liked,,,Context,,,,,,,,,,,,,,,
lively,,,Context,,,,,,,,,,,,,,,
livid,,,Context,,,,,,,,,,,,,,,
lonely,,,Context,,,,,,,,,,,,,,,
lonesome,,,Context,,,,,,,,,,,,,,,
lost,,,Context,,,,,,,,,,,,,,,
loved,,,Context,,,,,,,,,,,,,,,
low,,,Context,,,,,,,,,,,,,,,
lucky,,,Context,,,,,,,,,,,,,,,
lugubrious,,,Context,,,,,,,,,,,,,,,
macho,,,Context,,,,,,,,,,,,,,,
mad,,,Context,,,,,,,,,,,,,,,
melancholy,,,Context,,,,,,,,,,,,,,,
menaced,,,Context,,,,,,,,,,,,,,,
merry,,,Context,,,,,,,,,,,,,,,
mirthful,,,Context,,,,,,,,,,,,,,,
misgiving,,,Context,,,,,,,,,,,,,,,
misunderstood,,,Context,,,,,,,,,,,,,,,
moody,,,Context,,,,,,,,,,,,,,,
moping,,,Context,,,,,,,,,,,,,,,
motivated,,,Context,,,,,,,,,,,,,,,
mournful,,,Context,,,,,,,,,,,,,,,
needed,,,Context,,,,,,,,,,,,,,,
needy,,,Context,,,,,,,,,,,,,,,
nervous,,,Context,,,,,,,,,,,,,,,
obligated,,,Context,,,,,,,,,,,,,,,
obsessed,,,Context,,,,,,,,,,,,,,,
offended,,,Context,,,,,,,,,,,,,,,
oppressed,,,Context,,,,,,,,,,,,,,,
optionless,,,Context,,,,,,,,,,,,,,,
ordinary,,,Context,,,,,,,,,,,,,,,
organized,,,Context,,,,,,,,,,,,,,,
out of control,,,Context,,,,,,,,,,,,,,,
out of sorts,,,Context,,,,,,,,,,,,,,,
outmaneuvered,,,Context,,,,,,,,,,,,,,,
outraged,,,Context,,,,,,,,,,,,,,,
overjoyed,,,Context,,,,,,,,,,,,,,,
overlooked,,,Context,,,,,,,,,,,,,,,
overwhelmed,,,Context,,,,,,,,,,,,,,,
panicked,,,Context,,,,,,,,,,,,,,,
passionate,,,Context,,,,,,,,,,,,,,,
passive,,,Context,,,,,,,,,,,,,,,
pathetic,,,Context,,,,,,,,,,,,,,,
peaceful,,,Context,,,,,,,,,,,,,,,
pensive,,,Context,,,,,,,,,,,,,,,
perplexed,,,Context,,,,,,,,,,,,,,,
phobic,,,Context,,,,,,,,,,,,,,,
playful,,,Context,,,,,,,,,,,,,,,
pleased,,,Context,,,,,,,,,,,,,,,
powerless,,,Context,,,,,,,,,,,,,,,
pressured,,,Context,,,,,,,,,,,,,,,
privileged,,,Context,,,,,,,,,,,,,,,
proud,,,Context,,,,,,,,,,,,,,,
provoked,,,Context,,,,,,,,,,,,,,,
punished,,,Context,,,,,,,,,,,,,,,
put upon,,,Context,,,,,,,,,,,,,,,
quaking,,,Context,,,,,,,,,,,,,,,
quiescent,,,Context,,,,,,,,,,,,,,,
rageful,,,Context,,,,,,,,,,,,,,,
rapturous,,,Context,,,,,,,,,,,,,,,
rated,,,Context,,,,,,,,,,,,,,,
reassured,,,Context,,,,,,,,,,,,,,,
reckless,,,Context,,,,,,,,,,,,,,,
redeemed,,,Context,,,,,,,,,,,,,,,
regretful,,,Context,,,,,,,,,,,,,,,
rejected,,,Context,,,,,,,,,,,,,,,
released,,,Context,,,,,,,,,,,,,,,
remorse,,,Context,,,,,,,,,,,,,,,
reBackgroundd,,,Context,,,,,,,,,,,,,,,
repulsed,,,Context,,,,,,,,,,,,,,,
resentful,,,Context,,,,,,,,,,,,,,,
resolute,,,Context,,,,,,,,,,,,,,,
respected,,,Context,,,,,,,,,,,,,,,
responsible,,,Context,,,,,,,,,,,,,,,
restful,,,Context,,,,,,,,,,,,,,,
revered,,,Context,,,,,,,,,,,,,,,
rueful,,,Context,,,,,,,,,,,,,,,
sad,,,Context,,,,,,,,,,,,,,,
satisfied,,,Context,,,,,,,,,,,,,,,
saucy,,,Context,,,,,,,,,,,,,,,
scared,,,Context,,,,,,,,,,,,,,,
secure,,,Context,,,,,,,,,,,,,,,
self-reliant,,,Context,,,,,,,,,,,,,,,
serene,,,Context,,,,,,,,,,,,,,,
shaky,,,Context,,,,,,,,,,,,,,,
shamed,,,Context,,,,,,,,,,,,,,,
shocked,,,Context,,,,,,,,,,,,,,,
significant,,,Context,,,,,,,,,,,,,,,
singled out,,,Context,,,,,,,,,,,,,,,
skeptical,,,Context,,,,,,,,,,,,,,,
snoopy,,,Context,,,,,,,,,,,,,,,
somber,,,Context,,,,,,,,,,,,,,,
sparkling,,,Context,,,,,,,,,,,,,,,
spirited,,,Context,,,,,,,,,,,,,,,
spiritless,,,Context,,,,,,,,,,,,,,,
sprightly,,,Context,,,,,,,,,,,,,,,
startled,,,Context,,,,,,,,,,,,,,,
stereotyped,,,Context,,,,,,,,,,,,,,,
stifled,,,Context,,,,,,,,,,,,,,,
stout hearted,,,Context,,,,,,,,,,,,,,,
strong,,,Context,,,,,,,,,,,,,,,
suffering,,,Context,,,,,,,,,,,,,,,
sulky,,,Context,,,,,,,,,,,,,,,
sullen,,,Context,,,,,,,,,,,,,,,
sunny,,,Context,,,,,,,,,,,,,,,
surprised,,,Context,,,,,,,,,,,,,,,
suspicious,,,Context,,,,,,,,,,,,,,,
sympathetic,,,Context,,,,,,,,,,,,,,,
tense,,,Context,,,,,,,,,,,,,,,
terrified,,,Context,,,,,,,,,,,,,,,
terrorized,,,Context,,,,,,,,,,,,,,,
thankful,,,Context,,,,,,,,,,,,,,,
threatened,,,Context,,,,,,,,,,,,,,,
thwarted,,,Context,,,,,,,,,,,,,,,
timid,,,Context,,,,,,,,,,,,,,,
timorous,,,Context,,,,,,,,,,,,,,,
torn,,,Context,,,,,,,,,,,,,,,
tortured,,,Context,,,,,,,,,,,,,,,
tragic,,,Context,,,,,,,,,,,,,,,
tranquil,,,Context,,,,,,,,,,,,,,,
transported,,,Context,,,,,,,,,,,,,,,
trapped,,,Context,,,,,,,,,,,,,,,
tremulous,,,Context,,,,,,,,,,,,,,,
tricked,,,Context,,,,,,,,,,,,,,,
turned on,,,Context,,,,,,,,,,,,,,,
unapproved of,,,Context,,,,,,,,,,,,,,,
unbelieving,,,Context,,,,,,,,,,,,,,,
uncertain,,,Context,,,,,,,,,,,,,,,
unconcerned,,,Context,,,,,,,,,,,,,,,
understood,,,Context,,,,,,,,,,,,,,,
unfocussed,,,Context,,,,,,,,,,,,,,,
unlovable,,,Context,,,,,,,,,,,,,,,
unloved,,,Context,,,,,,,,,,,,,,,
unmotivated,,,Context,,,,,,,,,,,,,,,
unshackled,,,Context,,,,,,,,,,,,,,,
unsupported,,,Context,,,,,,,,,,,,,,,
up in arms,,,Context,,,,,,,,,,,,,,,
upset,,,Context,,,,,,,,,,,,,,,
validated,,,Context,,,,,,,,,,,,,,,
valued,,,Context,,,,,,,,,,,,,,,
victimized,,,Context,,,,,,,,,,,,,,,
violated,,,Context,,,,,,,,,,,,,,,
virulent,,,Context,,,,,,,,,,,,,,,
vivacious,,,Context,,,,,,,,,,,,,,,
vulnerable,,,Context,,,,,,,,,,,,,,,
wavering,,,Context,,,,,,,,,,,,,,,
weak,,,Context,,,,,,,,,,,,,,,
welcomed,,,Context,,,,,,,,,,,,,,,
woebegone,,,Context,,,,,,,,,,,,,,,
woeful,,,Context,,,,,,,,,,,,,,,
worn down,,,Context,,,,,,,,,,,,,,,
worn out,,,Context,,,,,,,,,,,,,,,
worried,,,Context,,,,,,,,,,,,,,,
worshiped,,,Context,,,,,,,,,,,,,,,
wrathful,,,Context,,,,,,,,,,,,,,,
wronged,,,Context,,,,,,,,,,,,,,,
wrought up,,,Context,,,,,,,,,,,,,,,
yearning,,,Context,,,,,,,,,,,,,,,
yellow,,,Context,,,,,,,,,,,,,,,
zealous,,,Context,,,,,,,,,,,,,,,
abandoned,,,Context,,,,,,,,,,,,,,,
absolved,,,Context,,,,,,,,,,,,,,,
absorbed,,,Context,,,,,,,,,,,,,,,
abused,,,Context,,,,,,,,,,,,,,,
accepted,,,Context,,,,,,,,,,,,,,,
aching,,,Context,,,,,,,,,,,,,,,
acrimonious,,,Context,,,,,,,,,,,,,,,
addicted,,,Context,,,,,,,,,,,,,,,
adequate,,,Context,,,,,,,,,,,,,,,
admired,,,Context,,,,,,,,,,,,,,,
affectionate,,,Context,,,,,,,,,,,,,,,
affronted,,,Context,,,,,,,,,,,,,,,
afraid,,,Context,,,,,,,,,,,,,,,
airy,,,Context,,,,,,,,,,,,,,,
alone,,,Context,,,,,,,,,,,,,,,
ambivalent,,,Context,,,,,,,,,,,,,,,
apathetic,,,Context,,,,,,,,,,,,,,,
apprehensive,,,Context,,,,,,,,,,,,,,,
arrogant,,,Context,,,,,,,,,,,,,,,
ashamed,,,Context,,,,,,,,,,,,,,,
astonished,,,Context,,,,,,,,,,,,,,,
at ease,,,Context,,,,,,,,,,,,,,,
attacked,,,Context,,,,,,,,,,,,,,,
audacious,,,Context,,,,,,,,,,,,,,,
autonomous,,,Context,,,,,,,,,,,,,,,
average,,,Context,,,,,,,,,,,,,,,
avid,,,Context,,,,,,,,,,,,,,,
baffled,,,Context,,,,,,,,,,,,,,,
bashful,,,Context,,,,,,,,,,,,,,,
belittled,,,Context,,,,,,,,,,,,,,,
buoyant,,,Context,,,,,,,,,,,,,,,
burdened,,,Context,,,,,,,,,,,,,,,
clouded,,,Context,,,,,,,,,,,,,,,
committed,,,Context,,,,,,,,,,,,,,,
compassionate,,,Context,,,,,,,,,,,,,,,
compelled,,,Context,,,,,,,,,,,,,,,
dauntless,,,Context,,,,,,,,,,,,,,,
debonair,,,Context,,,,,,,,,,,,,,,
deceived,,,Context,,,,,,,,,,,,,,,
delighted,,,Context,,,,,,,,,,,,,,,
demoralized,,,Context,,,,,,,,,,,,,,,
derailed,,,Context,,,,,,,,,,,,,,,
desirous,,,Context,,,,,,,,,,,,,,,
despairing,,,Context,,,,,,,,,,,,,,,
devastated,,,Context,,,,,,,,,,,,,,,
diffident,,,Context,,,,,,,,,,,,,,,
discredited,,,Context,,,,,,,,,,,,,,,
disheartened,,,Context,,,,,,,,,,,,,,,
disinclined,,,Context,,,,,,,,,,,,,,,
disorganized,,,Context,,,,,,,,,,,,,,,
downcast,,,Context,,,,,,,,,,,,,,,
entitled,,,Context,,,,,,,,,,,,,,,
excited,,,Context,,,,,,,,,,,,,,,
exultant,,,Context,,,,,,,,,,,,,,,
fidgety,,,Context,,,,,,,,,,,,,,,
frowning,,,Context,,,,,,,,,,,,,,,
full of misgiving,,,Context,,,,,,,,,,,,,,,
great,,,Context,,,,,,,,,,,,,,,
hapless,,,Context,,,,,,,,,,,,,,,
hated,,,Context,,,,,,,,,,,,,,,
heroic,,,Context,,,,,,,,,,,,,,,
hostile,,,Context,,,,,,,,,,,,,,,
in despair,,,Context,,,,,,,,,,,,,,,
indifferent,,,Context,,,,,,,,,,,,,,,
infuriated,,,Context,,,,,,,,,,,,,,,
insecure,,,Context,,,,,,,,,,,,,,,
inspired,,,Context,,,,,,,,,,,,,,,
inspiring,,,Context,,,,,,,,,,,,,,,
judged,,,Context,,,,,,,,,,,,,,,
justified,,,Context,,,,,,,,,,,,,,,
laughting,,,Context,,,,,,,,,,,,,,,
loved,,,Context,,,,,,,,,,,,,,,
loving,,,Context,,,,,,,,,,,,,,,
low,,,Context,,,,,,,,,,,,,,,
lustful,,,Context,,,,,,,,,,,,,,,
manipulated,,,Context,,,,,,,,,,,,,,,
mumpish,,,Context,,,,,,,,,,,,,,,
nosey,,,Context,,,,,,,,,,,,,,,
numb,,,Context,,,,,,,,,,,,,,,
obliterated,,,Context,,,,,,,,,,,,,,,
peaceful,,,Context,,,,,,,,,,,,,,,
petrified,,,Context,,,,,,,,,,,,,,,
piqued,,,Context,,,,,,,,,,,,,,,
piteous,,,Context,,,,,,,,,,,,,,,
powerless,,,Context,,,,,,,,,,,,,,,
questioning,,,Context,,,,,,,,,,,,,,,
rejected,,,Context,,,,,,,,,,,,,,,
self-satisfied,,,Context,,,,,,,,,,,,,,,
set up,,,Context,,,,,,,,,,,,,,,
shut out,,,Context,,,,,,,,,,,,,,,
sorrowful,,,Context,,,,,,,,,,,,,,,
spirited,,,Context,,,,,,,,,,,,,,,
supported,,,Context,,,,,,,,,,,,,,,
suspicious,,,Context,,,,,,,,,,,,,,,
terrific,,,Context,,,,,,,,,,,,,,,
trapped,,,Context,,,,,,,,,,,,,,,
trembling,,,Context,,,,,,,,,,,,,,,
uncomfortable,,,Context,,,,,,,,,,,,,,,
underestimated,,,Context,,,,,,,,,,,,,,,
unhappy,,,Context,,,,,,,,,,,,,,,
vindicated,,,Context,,,,,,,,,,,,,,,
worked up,,,Context,,,,,,,,,,,,,,,
,,,,,,,,,,,,,,,,,,
,,,,,,,,,,,,,,,,,,
,,,,,,,,,,,,,,,,,,
,,,,,,,,,,,,,,,,,,
,,,,,,,,,,,,,,,,,,
,,,,,,,,,,,,,,,,,,
,,,,,,,,,,,,,,,,,,
,,,,,,,,,,,,,,,,,,
,,,,,,,,,,,,,,,,,,
,,,,,,,,,,,,,,,,,,
,,,,,,,,,,,,,,,,,,
,,,,,,,,,,,,,,,,,,
,,,,,,,,,,,,,,,,,,
,,,,,,,,,,,,,,,,,,
,,,,,,,,,,,,,,,,,,
,,,,,,,,,,,,,,,,,,
,,,,,,,,,,,,,,,,,,
,,,,,,,,,,,,,,,,,,
,,,,,,,,,,,,,,,,,,
,,,,,,,,,,,,,,,,,,
,,,,,,,,,,,,,,,,,,
,,,,,,,,,,,,,,,,,,
,,,,,,,,,,,,,,,,,,
,,,,,,,,,,,,,,,,,,
,,,,,,,,,,,,,,,,,,
,,,,,,,,,,,,,,,,,,
,,,,,,,,,,,,,,,,,,
,,,,,,,,,,,,,,,,,,
,,,,,,,,,,,,,,,,,,
,,,,,,,,,,,,,,,,,,
,,,,,,,,,,,,,,,,,,
,,,,,,,,,,,,,,,,,,
,,,,,,,,,,,,,,,,,,
,,,,,,,,,,,,,,,,,,
,,,,,,,,,,,,,,,,,,
,,,,,,,,,,,,,,,,,,
,,,,,,,,,,,,,,,,,,
,,,,,,,,,,,,,,,,,,
,,,,,,,,,,,,,,,,,,
,,,,,,,,,,,,,,,,,,
,,,,,,,,,,,,,,,,,,
,,,,,,,,,,,,,,,,,,
,,,,,,,,,,,,,,,,,,
,,,,,,,,,,,,,,,,,,
,,,,,,,,,,,,,,,,,,
,,,,,,,,,,,,,,,,,,
,,,,,,,,,,,,,,,,,,
,,,,,,,,,,,,,,,,,,
,,,,,,,,,,,,,,,,,,
,,,,,,,,,,,,,,,,,,
,,,,,,,,,,,,,,,,,,
,,,,,,,,,,,,,,,,,,
,,,,,,,,,,,,,,,,,,
,,,,,,,,,,,,,,,,,,
,,,,,,,,,,,,,,,,,,
,,,,,,,,,,,,,,,,,,
,,,,,,,,,,,,,,,,,,
,,,,,,,,,,,,,,,,,,
,,,,,,,,,,,,,,,,,,
,,,,,,,,,,,,,,,,,,
,,,,,,,,,,,,,,,,,,
,,,,,,,,,,,,,,,,,,
,,,,,,,,,,,,,,,,,,
,,,,,,,,,,,,,,,,,,
,,,,,,,,,,,,,,,,,,
,,,,,,,,,,,,,,,,,,
,,,,,,,,,,,,,,,,,,
,,,,,,,,,,,,,,,,,,
,,,,,,,,,,,,,,,,,,
,,,,,,,,,,,,,,,,,,
,,,,,,,,,,,,,,,,,,
,,,,,,,,,,,,,,,,,,
,,,,,,,,,,,,,,,,,,
,,,,,,,,,,,,,,,,,,
,,,,,,,,,,,,,,,,,,
,,,,,,,,,,,,,,,,,,
,,,,,,,,,,,,,,,,,,
,,,,,,,,,,,,,,,,,,
,,,,,,,,,,,,,,,,,,
,,,,,,,,,,,,,,,,,,
Longshot,,,Context,,,,,,,,,,,,,,,
Cowboy Shot,,,Context,,,,,,,,,,,,,,,
Over the Shoulder,,,Context,,,,,,,,,,,,,,,
Ground Level,,,,,,,,,,,,,,,,,,
Knee Level,,,,,,,,,,,,,,,,,,
Hip Level,,,,,,,,,,,,,,,,,,
Shoulder Level,,,,,,,,,,,,,,,,,,
Eye Level,,,,,,,,,,,,,,,,,,
High Angle ,,,,,,,,,,,,,,,,,,
Aerial,,,,,,,,,,,,,,,,,,
Bird's Eye View,,,,,,,,,,,,,,,,,,
Dutch Angle,,,,,,,,,,,,,,,,,,
,,,,,,,,,,,,,,,,,,
,,,,,,,,,,,,,,,,,,
Atmospheric,,,Style,,,,,,,,,,,,,,,
Dramatic lighting,,,Lighting,,,,,,,,,,,,,,,
Anthropomorphic,,,Style,,,,,,,,,,,,,,,
,,,,,,,,,,,,,,,,,,
Very detailed,,,Amenities,,,,,,,,,,,,,,,
Cinematic lighting,,,Lighting,,,,,,,,,,,,,,,
Unreal engine,,,Amenities,,,,,,,,,,,,,,,
Octane render,,,Amenities,,,,,,,,,,,,,,,
Photorealistic,,,Amenities,,,,,,,,,,,,,,,
Hyperrealistic,,,Amenities,,,,,,,,,,,,,,,
Sharp focus,,,Amenities,,,,,,,,,,,,,,,
Rim lighting,,,Lighting,,,,,,,,,,,,,,,
Soft lighting,,,Lighting,,,,,,,,,,,,,,,
Volumetric,,,Lighting,,,,,,,,,,,,,,,
Surreal,,,Lighting,,,,,,,,,,,,,,,
Realistic CGI,,,Style,,,,,,,,,,,,,,,
Fantastic backlight,,,Lighting,,,,,,,,,,,,,,,
HDR,,,Amenities,,,,,,,,,,,,,,,
Studio light,,,Lighting,,,,,,,,,,,,,,,
Internal glow,,,Lighting,,,,,,,,,,,,,,,
Iridescent,,,Lighting,,,,,,,,,,,,,,,
Cyberpunk,,,Style,,,,,,,,,,,,,,,
Steampunk,,,Style,,,,,,,,,,,,,,,
Intricate filigree metal design,,,Style,,,,,,,,,,,,,,,
Bionic futurism,,,Style,,,,,,,,,,,,,,,
Ray tracing,,,Lighting,,,,,,,,,,,,,,,
Symmetrical,,,Style,,,,,,,,,,,,,,,
Atompunk,,,Style,,,,,,,,,,,,,,,
Multiverse,,,Style,,,,,,,,,,,,,,,
Concept art,,,Style,,,,,,,,,,,,,,,
Time loop,,,Style,,,,,,,,,,,,,,,
Maximum texture,,,Style,,,,,,,,,,,,,,,
Futurism,,,Style,,,,,,,,,,,,,,,
Dynamic,,,Lighting,,,,,,,,,,,,,,,
,,,,,,,,,,,,,,,,,,
,,,,,,,,,,,,,,,,,,
,,,,,,,,,,,,,,,,,,
,,,,,,,,,,,,,,,,,,
,,,,,,,,,,,,,,,,,,
,,,,,,,,,,,,,,,,,,
,,,,,,,,,,,,,,,,,,
,,,,,,,,,,,,,,,,,,
,,,,,,,,,,,,,,,,,,
,,,,,,,,,,,,,,,,,,
,,,,,,,,,,,,,,,,,,
,,,,,,,,,,,,,,,,,,
,,,,,,,,,,,,,,,,,,
,,,,,,,,,,,,,,,,,,
,,,,,,,,,,,,,,,,,,
,,,,,,,,,,,,,,,,,,
,,,,,,,,,,,,,,,,,,
,,,,,,,,,,,,,,,,,,
,,,,,,,,,,,,,,,,,,
,,,,,,,,,,,,,,,,,,
,,,,,,,,,,,,,,,,,,
,,,,,,,,,,,,,,,,,,
,,,,,,,,,,,,,,,,,,
,,,,,,,,,,,,,,,,,,
,,,,,,,,,,,,,,,,,,
,,,,,,,,,,,,,,,,,,
,,,,,,,,,,,,,,,,,,
,,,,,,,,,,,,,,,,,,
,,,,,,,,,,,,,,,,,,
,,,,,,,,,,,,,,,,,,
,,,,,,,,,,,,,,,,,,
,,,,,,,,,,,,,,,,,,
,,,,,,,,,,,,,,,,,,
,,,,,,,,,,,,,,,,,,
,,,,,,,,,,,,,,,,,,
,,,,,,,,,,,,,,,,,,
,,,,,,,,,,,,,,,,,,
,,,,,,,,,,,,,,,,,,
,,,,,,,,,,,,,,,,,,
,,,,,,,,,,,,,,,,,,
,,,,,,,,,,,,,,,,,,
,,,,,,,,,,,,,,,,,,
,,,,,,,,,,,,,,,,,,
,,,,,,,,,,,,,,,,,,
,,,,,,,,,,,,,,,,,,
,,,,,,,,,,,,,,,,,,
,,,,,,,,,,,,,,,,,,
,,,,,,,,,,,,,,,,,,
,,,,,,,,,,,,,,,,,,
,,,,,,,,,,,,,,,,,,
,,,,,,,,,,,,,,,,,,
,,,,,,,,,,,,,,,,,,
,,,,,,,,,,,,,,,,,,
,,,,,,,,,,,,,,,,,,
,,,,,,,,,,,,,,,,,,
,,,,,,,,,,,,,,,,,,
,,,,,,,,,,,,,,,,,,
,,,,,,,,,,,,,,,,,,
,,,,,,,,,,,,,,,,,,
,,,,,,,,,,,,,,,,,,
,,,,,,,,,,,,,,,,,,
,,,,,,,,,,,,,,,,,,
,,,,,,,,,,,,,,,,,,
,,,,,,,,,,,,,,,,,,
,,,,,,,,,,,,,,,,,,
,,,,,,,,,,,,,,,,,,
,,,,,,,,,,,,,,,,,,
,,,,,,,,,,,,,,,,,,
,,,,,,,,,,,,,,,,,,
,,,,,,,,,,,,,,,,,,
,,,,,,,,,,,,,,,,,,
,,,,,,,,,,,,,,,,,,
,,,,,,,,,,,,,,,,,,
,,,,,,,,,,,,,,,,,,
,,,,,,,,,,,,,,,,,,
,,,,,,,,,,,,,,,,,,
,,,,,,,,,,,,,,,,,,
,,,,,,,,,,,,,,,,,,
,,,,,,,,,,,,,,,,,,
,,,,,,,,,,,,,,,,,,
,,,,,,,,,,,,,,,,,,
,,,,,,,,,,,,,,,,,,
,,,,,,,,,,,,,,,,,,
,,,,,,,,,,,,,,,,,,
,,,,,,,,,,,,,,,,,,
,,,,,,,,,,,,,,,,,,
,,,,,,,,,,,,,,,,,,
,,,,,,,,,,,,,,,,,,
,,,,,,,,,,,,,,,,,,
,,,,,,,,,,,,,,,,,,
,,,,,,,,,,,,,,,,,,
,,,,,,,,,,,,,,,,,,
,,,,,,,,,,,,,,,,,,
,,,,,,,,,,,,,,,,,,
,,,,,,,,,,,,,,,,,,
,,,,,,,,,,,,,,,,,,
,,,,,,,,,,,,,,,,,,
,,,,,,,,,,,,,,,,,,
,,,,,,,,,,,,,,,,,,
,,,,,,,,,,,,,,,,,,
,,,,,,,,,,,,,,,,,,
,,,,,,,,,,,,,,,,,,
,,,,,,,,,,,,,,,,,,
,,,,,,,,,,,,,,,,,,
,,,,,,,,,,,,,,,,,,
,,,,,,,,,,,,,,,,,,
,,,,,,,,,,,,,,,,,,
,,,,,,,,,,,,,,,,,,
,,,,,,,,,,,,,,,,,,
,,,,,,,,,,,,,,,,,,
,,,,,,,,,,,,,,,,,,
,,,,,,,,,,,,,,,,,,
,,,,,,,,,,,,,,,,,,
,,,,,,,,,,,,,,,,,,
,,,,,,,,,,,,,,,,,,
,,,,,,,,,,,,,,,,,,
,,,,,,,,,,,,,,,,,,
,,,,,,,,,,,,,,,,,,
,,,,,,,,,,,,,,,,,,
,,,,,,,,,,,,,,,,,,
,,,,,,,,,,,,,,,,,,
,,,,,,,,,,,,,,,,,,
,,,,,,,,,,,,,,,,,,
,,,,,,,,,,,,,,,,,,
,,,,,,,,,,,,,,,,,,
,,,,,,,,,,,,,,,,,,
,,,,,,,,,,,,,,,,,,
,,,,,,,,,,,,,,,,,,
,,,,,,,,,,,,,,,,,,
,,,,,,,,,,,,,,,,,,
,,,,,,,,,,,,,,,,,,
,,,,,,,,,,,,,,,,,,
,,,,,,,,,,,,,,,,,,
,,,,,,,,,,,,,,,,,,
,,,,,,,,,,,,,,,,,,
,,,,,,,,,,,,,,,,,,
,,,,,,,,,,,,,,,,,,
,,,,,,,,,,,,,,,,,,
,,,,,,,,,,,,,,,,,,
,,,,,,,,,,,,,,,,,,
,,,,,,,,,,,,,,,,,,
,,,,,,,,,,,,,,,,,,
,,,,,,,,,,,,,,,,,,
,,,,,,,,,,,,,,,,,,
,,,,,,,,,,,,,,,,,,
,,,,,,,,,,,,,,,,,,
,,,,,,,,,,,,,,,,,,
,,,,,,,,,,,,,,,,,,
,,,,,,,,,,,,,,,,,,
,,,,,,,,,,,,,,,,,,
,,,,,,,,,,,,,,,,,,
,,,,,,,,,,,,,,,,,,
,,,,,,,,,,,,,,,,,,
,,,,,,,,,,,,,,,,,,
,,,,,,,,,,,,,,,,,,
,,,,,,,,,,,,,,,,,,
,,,,,,,,,,,,,,,,,,
,,,,,,,,,,,,,,,,,,
,,,,,,,,,,,,,,,,,,
,,,,,,,,,,,,,,,,,,
,,,,,,,,,,,,,,,,,,
,,,,,,,,,,,,,,,,,,
,,,,,,,,,,,,,,,,,,
,,,,,,,,,,,,,,,,,,
,,,,,,,,,,,,,,,,,,
,,,,,,,,,,,,,,,,,,
,,,,,,,,,,,,,,,,,,
,,,,,,,,,,,,,,,,,,
,,,,,,,,,,,,,,,,,,
,,,,,,,,,,,,,,,,,,
,,,,,,,,,,,,,,,,,,
,,,,,,,,,,,,,,,,,,
,,,,,,,,,,,,,,,,,,
,,,,,,,,,,,,,,,,,,
,,,,,,,,,,,,,,,,,,
,,,,,,,,,,,,,,,,,,
,,,,,,,,,,,,,,,,,,
,,,,,,,,,,,,,,,,,,
,,,,,,,,,,,,,,,,,,
,,,,,,,,,,,,,,,,,,
,,,,,,,,,,,,,,,,,,
,,,,,,,,,,,,,,,,,,
,,,,,,,,,,,,,,,,,,
,,,,,,,,,,,,,,,,,,
,,,,,,,,,,,,,,,,,,
,,,,,,,,,,,,,,,,,,
,,,,,,,,,,,,,,,,,,
,,,,,,,,,,,,,,,,,,
,,,,,,,,,,,,,,,,,,
,,,,,,,,,,,,,,,,,,
,,,,,,,,,,,,,,,,,,
,,,,,,,,,,,,,,,,,,
,,,,,,,,,,,,,,,,,,
5:8,,→ Tall (--ar 5:8),Amenities,,,,,,,,,,,,,,,
 8:5 ,,→ Wide (--ar 8:5),Amenities,,,,,,,,,,,,,,,
 2:1,, → Tall (--ar 2:1) ,Amenities,,,,,,,,,,,,,,,
1:2 ,,→ Wide (--ar 1:2),Amenities,,,,,,,,,,,,,,,
9:20,,→ Tall (--ar 9:20) ,Amenities,,,,,,,,,,,,,,,
20:9,,→ Wide (--ar 20:9),Amenities,,,,,,,,,,,,,,,
4:3,,Close to early television and film (--ar 4:3),Amenities,,,,,,,,,,,,,,,
16:9 ,,Modern HD standard for televisions computer monitors phones (--ar 16:9),Amenities,,,,,,,,,,,,,,,
2.39:1,,Close to anamorphic widescreen widest cinematic landscapes (--ar 239:100),Amenities,,,,,,,,,,,,,,,
1:1,,→ Square Instagram default in MidJourney (--ar 1:1),Amenities,,,,,,,,,,,,,,,
9:16,,→ Vertical HD standard for most phones (--ar 9:16),Amenities,,,,,,,,,,,,,,,
9:19.5,,→ Close to vertical for new iPhones (--ar 90:195),Amenities,,,,,,,,,,,,,,,
3:2,,→ prints at 4x6 8x12 16x24 20x30 24x36 30x40 (--ar 3:2),Amenities,,,,,,,,,,,,,,,
2:3,,(--ar 2:3),Amenities,,,,,,,,,,,,,,,
5:4 ,,→ prints at 8x10 16x20 24x30 (--ar 5:4),Amenities,,,,,,,,,,,,,,,
4:5 ,,→ (same as above but vertical) (--ar 4:5),Amenities,,,,,,,,,,,,,,,